{
    "metrics_train": {
        "R2": 0.6787055585974071,
        "mse": 0.27922318831266657,
        "mae": 0.41139309240114813
    },
    "metrics_test": {
        "R2": 0.6612015785444116,
        "mse": 0.34245458312897936,
        "mae": 0.45880694784932174
    },
    "model_params": {
        "alpha": 0.0001294529978227916
    }
}
