{
    "metrics_train": {
        "R2": 0.677314025392391,
        "mse": 0.2804325100066596,
        "mae": 0.41242961269723444
    },
    "metrics_test": {
        "R2": 0.6591492099253717,
        "mse": 0.34452909999609066,
        "mae": 0.46033728548515934
    },
    "model_params": {
        "alpha": 0.00019783188827841644
    }
}
