{
    "metrics_train": {
        "R2": 0.6779224565468887,
        "mse": 0.27990374864345036,
        "mae": 0.4119797054936396
    },
    "metrics_test": {
        "R2": 0.6600121739011631,
        "mse": 0.3436568232974116,
        "mae": 0.4596932139806316
    },
    "model_params": {
        "alpha": 0.0001706994934038408
    }
}
