{
    "metrics_train": {
        "R2": 0.753069820237871,
        "mse": 0.26763311989142463,
        "mae": 0.40219542605116104
    },
    "metrics_test": {
        "R2": 0.7481299737814525,
        "mse": 0.2969478988817759,
        "mae": 0.4197940365547015
    }
}
