{
    "metrics_train": {
        "R2": 0.747929847850096,
        "mse": 0.2732040340972992,
        "mae": 0.4053697660909233
    },
    "metrics_test": {
        "R2": 0.7604670082913865,
        "mse": 0.28240287130879244,
        "mae": 0.40837699713285075
    }
}
