{
    "metrics_train": {
        "R2": 0.7537094785460058,
        "mse": 0.2669398318177047,
        "mae": 0.4004533873556019
    },
    "metrics_test": {
        "R2": 0.7563299786524253,
        "mse": 0.2872803165425306,
        "mae": 0.41048019315480205
    }
}
