{
    "metrics_train": {
        "R2": 0.9740989858905057,
        "mse": 0.022921506315469742,
        "mae": 0.11497729271650314
    },
    "metrics_test": {
        "R2": 0.6534516651151867,
        "mse": 0.3429681956768036,
        "mae": 0.4500928223133087
    },
    "model_params": {
        "likelihood.noise": 0.08159913122653961,
        "covar_module.outputscale": 0.6355551481246948,
        "mean_module.constant": -7.266070365905762
    }
}
