{
    "metrics_train": {
        "R2": 0.9816393576153852,
        "mse": 0.015892568975687027,
        "mae": 0.09568662196397781
    },
    "metrics_test": {
        "R2": 0.659349523664603,
        "mse": 0.3371312618255615,
        "mae": 0.4469042420387268
    },
    "model_params": {
        "likelihood.noise": 0.06681395322084427,
        "covar_module.outputscale": 0.6630106568336487,
        "mean_module.constant": -7.3512797355651855
    }
}
