{
    "metrics_train": {
        "R2": 0.9873444545170542,
        "mse": 0.01108592376112938,
        "mae": 0.08057525753974915
    },
    "metrics_test": {
        "R2": 0.6588127817222962,
        "mse": 0.3376624584197998,
        "mae": 0.4458223879337311
    },
    "model_params": {
        "likelihood.noise": 0.05528964847326279,
        "covar_module.outputscale": 0.6955083012580872,
        "mean_module.constant": -7.411493301391602
    }
}
