{
    "metrics_train": {
        "R2": 0.8205460046485127,
        "mse": 0.17106384596106017,
        "mae": 0.31628284471758045
    },
    "metrics_test": {
        "R2": 0.8279176266278517,
        "mse": 0.18241634148678243,
        "mae": 0.3225634974574378
    }
}
