{
    "metrics_train": {
        "R2": 0.817168679998532,
        "mse": 0.17428326797812477,
        "mae": 0.3189015971056284
    },
    "metrics_test": {
        "R2": 0.824940442937516,
        "mse": 0.18557231235168134,
        "mae": 0.32407095903158345
    }
}
