{
    "metrics_train": {
        "R2": 0.8021877053066466,
        "mse": 0.18856382574458627,
        "mae": 0.33342760366174007
    },
    "metrics_test": {
        "R2": 0.8144863580277042,
        "mse": 0.19665419067233855,
        "mae": 0.3340995599536695
    }
}
