{
    "metrics_train": {
        "R2": 0.8149487930886651,
        "mse": 0.007674816995859146,
        "mae": 0.06552870571613312
    },
    "metrics_test": {
        "R2": 0.624633625219583,
        "mse": 0.012659155763685703,
        "mae": 0.08576222509145737
    },
    "model_params": {
        "likelihood.noise": 0.00020245857012923807,
        "covar_module.base_kernel.outputscale": 0.02623557113111019,
        "mean_module.constant": 0.38131287693977356
    }
}
