{
    "metrics_train": {
        "R2": 0.8131495591309061,
        "mse": 0.007749437820166349,
        "mae": 0.06733254343271255
    },
    "metrics_test": {
        "R2": 0.6460592358357129,
        "mse": 0.011936580762267113,
        "mae": 0.08518367260694504
    },
    "model_params": {
        "likelihood.noise": 0.00029564404394477606,
        "covar_module.base_kernel.outputscale": 0.02610333263874054,
        "mean_module.constant": 0.38406485319137573
    }
}
