{
    "metrics_train": {
        "R2": 0.7270976557016813,
        "mse": 0.011318353936076164,
        "mae": 0.08286253362894058
    },
    "metrics_test": {
        "R2": 0.5242558112243036,
        "mse": 0.0160443764179945,
        "mae": 0.0972968190908432
    },
    "model_params": {
        "likelihood.noise": 0.00024350598687306046,
        "covar_module.base_kernel.outputscale": 0.02636418305337429,
        "mean_module.constant": 0.3750385642051697
    }
}
