{
    "metrics_train": {
        "R2": 0.8852233119277482,
        "mse": 0.12371675670146942,
        "mae": 0.2737630009651184
    },
    "metrics_test": {
        "R2": 0.2874497634034996,
        "mse": 0.6646042466163635,
        "mae": 0.6453227400779724
    },
    "model_params": {
        "likelihood.noise": 0.2728618383407593,
        "covar_module.outputscale": 0.9282890558242798,
        "mean_module.constant": -6.800811290740967
    }
}
