{
    "metrics_train": {
        "R2": 0.8659268266081758,
        "mse": 0.15405574440956116,
        "mae": 0.2980506420135498
    },
    "metrics_test": {
        "R2": 0.30126260727177856,
        "mse": 0.6517207622528076,
        "mae": 0.6378979682922363
    },
    "model_params": {
        "likelihood.noise": 0.3168082535266876,
        "covar_module.outputscale": 0.928483247756958,
        "mean_module.constant": -6.828083515167236
    }
}
