{
    "metrics_train": {
        "R2": 0.7993410365583307,
        "mse": 0.22261035442352295,
        "mae": 0.3588176369667053
    },
    "metrics_test": {
        "R2": 0.2841665868206066,
        "mse": 0.667666494846344,
        "mae": 0.6465855836868286
    },
    "model_params": {
        "likelihood.noise": 0.38302409648895264,
        "covar_module.outputscale": 0.7254423499107361,
        "mean_module.constant": -6.916543006896973
    }
}
