{
    "metrics_train": {
        "R2": 0.5925809745257689,
        "mse": 0.5455292539963753,
        "mae": 0.5586785336533403
    },
    "metrics_test": {
        "R2": 0.6005878615646036,
        "mse": 0.6311603707315694,
        "mae": 0.6114901518783942
    },
    "model_params": {
        "alpha": 196.92202554791734
    }
}
