{
    "metrics_train": {
        "R2": 0.5928170272882163,
        "mse": 0.5452131821407424,
        "mae": 0.5586190856094508
    },
    "metrics_test": {
        "R2": 0.6008276975180615,
        "mse": 0.6307813763677722,
        "mae": 0.6111709914948859
    },
    "model_params": {
        "alpha": 52.205675278469755
    }
}
