{
    "metrics_train": {
        "R2": 0.5924658543854695,
        "mse": 0.5456833985019843,
        "mae": 0.5587310389772434
    },
    "metrics_test": {
        "R2": 0.6004613835567798,
        "mse": 0.6313602342275066,
        "mae": 0.6116275486215291
    },
    "model_params": {
        "alpha": 241.2028207618007
    }
}
