{
    "metrics_train": {
        "R2": 0.7965963518176077,
        "mse": 0.15824431403865735,
        "mae": 0.31137545903135866
    },
    "metrics_test": {
        "R2": 0.6320770139827041,
        "mse": 0.33134286760552994,
        "mae": 0.45023946076754184
    }
}
