{
    "metrics_train": {
        "R2": 0.9838330538159408,
        "mse": 0.014043831266462803,
        "mae": 0.09034179896116257
    },
    "metrics_test": {
        "R2": 0.6666245389901386,
        "mse": 0.3571610152721405,
        "mae": 0.4571191072463989
    },
    "model_params": {
        "likelihood.noise": 0.06212412938475609,
        "covar_module.outputscale": 0.666693389415741,
        "mean_module.constant": -7.337956428527832
    }
}
