{
    "metrics_train": {
        "R2": 0.9744036851989288,
        "mse": 0.022465866059064865,
        "mae": 0.11329521238803864
    },
    "metrics_test": {
        "R2": 0.6677821093019998,
        "mse": 0.35592085123062134,
        "mae": 0.455157995223999
    },
    "model_params": {
        "likelihood.noise": 0.07916856557130814,
        "covar_module.outputscale": 0.6135436296463013,
        "mean_module.constant": -7.391984462738037
    }
}
