{
    "metrics_train": {
        "R2": 0.9859324272842249,
        "mse": 0.012505322694778442,
        "mae": 0.08499617874622345
    },
    "metrics_test": {
        "R2": 0.6652074821150172,
        "mse": 0.3586792051792145,
        "mae": 0.45790526270866394
    },
    "model_params": {
        "likelihood.noise": 0.05888264998793602,
        "covar_module.outputscale": 0.6863134503364563,
        "mean_module.constant": -7.472197532653809
    }
}
