{
    "metrics_train": {
        "R2": 0.889828432427426,
        "mse": 0.09428492188453674,
        "mae": 0.23934631049633026
    },
    "metrics_test": {
        "R2": 0.43829975195882,
        "mse": 0.4373151957988739,
        "mae": 0.5120893120765686
    },
    "model_params": {
        "likelihood.noise": 0.20677104592323303,
        "covar_module.outputscale": 0.6941198110580444,
        "mean_module.constant": -7.286548137664795
    }
}
