{
    "metrics_train": {
        "R2": 0.9022719392346646,
        "mse": 0.08439140766859055,
        "mae": 0.22667352855205536
    },
    "metrics_test": {
        "R2": 0.44363984379365606,
        "mse": 0.4331575930118561,
        "mae": 0.5093235969543457
    },
    "model_params": {
        "likelihood.noise": 0.19654923677444458,
        "covar_module.outputscale": 0.7455335855484009,
        "mean_module.constant": -7.316134929656982
    }
}
