{
    "metrics_train": {
        "R2": 0.9027716413289784,
        "mse": 0.0847497284412384,
        "mae": 0.22627301514148712
    },
    "metrics_test": {
        "R2": 0.44134592913532156,
        "mse": 0.4349435269832611,
        "mae": 0.5106620192527771
    },
    "model_params": {
        "likelihood.noise": 0.19716821610927582,
        "covar_module.outputscale": 0.7417373657226562,
        "mean_module.constant": -7.200649261474609
    }
}
