{
    "metrics_train": {
        "R2": 0.6132154609151426,
        "mse": 0.34024216313735584,
        "mae": 0.4498243199550705
    },
    "metrics_test": {
        "R2": 0.6107186295355468,
        "mse": 0.38525976657428973,
        "mae": 0.48405631656417686
    },
    "model_params": {
        "alpha": 215.94061521035675
    }
}
