{
    "metrics_train": {
        "R2": 0.6132427224481819,
        "mse": 0.340218182026338,
        "mae": 0.449805177432688
    },
    "metrics_test": {
        "R2": 0.6107619048486914,
        "mse": 0.3852169383315186,
        "mae": 0.484017118371127
    },
    "model_params": {
        "alpha": 204.31973201952704
    }
}
