{
    "metrics_train": {
        "R2": 0.6132512346112075,
        "mse": 0.34021069414492566,
        "mae": 0.44979919237608146
    },
    "metrics_test": {
        "R2": 0.6107755377353878,
        "mse": 0.38520344628400505,
        "mae": 0.48400475849310126
    },
    "model_params": {
        "alpha": 200.5867779508234
    }
}
