{
    "metrics_train": {
        "R2": 0.675063725288525,
        "mse": 0.28270194012147337,
        "mae": 0.41438019265828413
    },
    "metrics_test": {
        "R2": 0.6714676967946586,
        "mse": 0.3391346780876597,
        "mae": 0.4551553498465314
    },
    "model_params": {
        "alpha": 152.1185517986105
    }
}
