{
    "metrics_train": {
        "R2": 0.6751001648860788,
        "mse": 0.2826702368438542,
        "mae": 0.41435089117748064
    },
    "metrics_test": {
        "R2": 0.6715922695092568,
        "mse": 0.3390060851698504,
        "mae": 0.4550572714278653
    },
    "model_params": {
        "alpha": 133.69837418249452
    }
}
