{
    "metrics_train": {
        "R2": 0.6751133381901833,
        "mse": 0.28265877577004384,
        "mae": 0.4143400811514141
    },
    "metrics_test": {
        "R2": 0.671640045707598,
        "mse": 0.3389567671408875,
        "mae": 0.4550194851474555
    },
    "model_params": {
        "alpha": 126.50337203959037
    }
}
