{
    "metrics_train": {
        "R2": 0.981272406487394,
        "mse": 0.016495348885655403,
        "mae": 0.09904150664806366
    },
    "metrics_test": {
        "R2": 0.7045257498237874,
        "mse": 0.30500978231430054,
        "mae": 0.428056925535202
    },
    "model_params": {
        "likelihood.noise": 0.06353620439767838,
        "covar_module.outputscale": 0.561402440071106,
        "mean_module.constant": -7.3505635261535645
    }
}
