{
    "metrics_train": {
        "R2": 0.9809003890674886,
        "mse": 0.016679763793945312,
        "mae": 0.09980356693267822
    },
    "metrics_test": {
        "R2": 0.7083837925793457,
        "mse": 0.30102723836898804,
        "mae": 0.4252476096153259
    },
    "model_params": {
        "likelihood.noise": 0.06400128453969955,
        "covar_module.outputscale": 0.5582835674285889,
        "mean_module.constant": -7.171756744384766
    }
}
