{
    "metrics_train": {
        "R2": 0.9805320657564071,
        "mse": 0.017070604488253593,
        "mae": 0.1004927009344101
    },
    "metrics_test": {
        "R2": 0.7030331686603165,
        "mse": 0.306550532579422,
        "mae": 0.428948312997818
    },
    "model_params": {
        "likelihood.noise": 0.06414678692817688,
        "covar_module.outputscale": 0.5428213477134705,
        "mean_module.constant": -7.242373466491699
    }
}
