{
    "metrics_train": {
        "R2": 0.9797663480111449,
        "mse": 0.017658324912190437,
        "mae": 0.10368259251117706
    },
    "metrics_test": {
        "R2": 0.6306453859188208,
        "mse": 0.35382017493247986,
        "mae": 0.4646923542022705
    },
    "model_params": {
        "likelihood.noise": 0.07193867117166519,
        "covar_module.outputscale": 0.6836522817611694,
        "mean_module.constant": -6.611286640167236
    }
}
