{
    "metrics_train": {
        "R2": 0.9798790944078727,
        "mse": 0.017529547214508057,
        "mae": 0.1029769778251648
    },
    "metrics_test": {
        "R2": 0.6309876745382219,
        "mse": 0.35349228978157043,
        "mae": 0.4634604752063751
    },
    "model_params": {
        "likelihood.noise": 0.07088563591241837,
        "covar_module.outputscale": 0.6674788594245911,
        "mean_module.constant": -6.630500316619873
    }
}
