{
    "metrics_train": {
        "R2": 0.974989739026096,
        "mse": 0.022036058828234673,
        "mae": 0.11595207452774048
    },
    "metrics_test": {
        "R2": 0.6289579766684757,
        "mse": 0.3554365932941437,
        "mae": 0.46540242433547974
    },
    "model_params": {
        "likelihood.noise": 0.08090831339359283,
        "covar_module.outputscale": 0.658093273639679,
        "mean_module.constant": -6.575863361358643
    }
}
