{
    "metrics_train": {
        "R2": 0.6192392566426692,
        "mse": 0.34045595990824995,
        "mae": 0.4476831893843274
    },
    "metrics_test": {
        "R2": 0.6169877529666565,
        "mse": 0.41033927708480333,
        "mae": 0.49267811498696307
    },
    "model_params": {
        "alpha": 241.2028207618007
    }
}
