{
    "metrics_train": {
        "R2": 0.6192599326172064,
        "mse": 0.34043747255397067,
        "mae": 0.44766915193435103
    },
    "metrics_test": {
        "R2": 0.61703159069623,
        "mse": 0.4102923116355218,
        "mae": 0.4926470801272626
    },
    "model_params": {
        "alpha": 232.46970599856456
    }
}
