{
    "metrics_train": {
        "R2": 0.6189995314108372,
        "mse": 0.34067030943178006,
        "mae": 0.4478440017520428
    },
    "metrics_test": {
        "R2": 0.6165115599153546,
        "mse": 0.4108494453991001,
        "mae": 0.493011437762624
    },
    "model_params": {
        "alpha": 330.00347911252817
    }
}
