{
    "metrics_train": {
        "R2": 0.6781421244730133,
        "mse": 0.013348737682850704,
        "mae": 0.09145279586574731
    },
    "metrics_test": {
        "R2": 0.49275516888089754,
        "mse": 0.017106728965859425,
        "mae": 0.10299662181491866
    },
    "model_params": {
        "alpha": 0.00023354381399064793
    }
}
