{
    "metrics_train": {
        "R2": 0.6642994876654457,
        "mse": 0.013922847380432738,
        "mae": 0.09367464349180718
    },
    "metrics_test": {
        "R2": 0.4817660266962912,
        "mse": 0.017477335555392545,
        "mae": 0.10436833694747594
    },
    "model_params": {
        "alpha": 0.00029138317048327885
    }
}
