{
    "metrics_train": {
        "R2": 0.6534032480757741,
        "mse": 0.014374758161779529,
        "mae": 0.09537246512306002
    },
    "metrics_test": {
        "R2": 0.47304239441880647,
        "mse": 0.017771538283174924,
        "mae": 0.10544462176871261
    },
    "model_params": {
        "alpha": 0.0003376980310825091
    }
}
