{
    "metrics_train": {
        "R2": 0.8344051659501391,
        "mse": 0.1407114811612225,
        "mae": 0.2824694836328941
    },
    "metrics_test": {
        "R2": 0.8655490686647952,
        "mse": 0.12849446456892333,
        "mae": 0.2643819874906961
    }
}
