{
    "metrics_train": {
        "R2": 0.7986998849254371,
        "mse": 0.1710514552738856,
        "mae": 0.3157199407553611
    },
    "metrics_test": {
        "R2": 0.8406097380732519,
        "mse": 0.15232892892884875,
        "mae": 0.2923472497004467
    }
}
