{
    "metrics_train": {
        "R2": 0.8266412624276309,
        "mse": 0.14730873022707205,
        "mae": 0.29260134375069347
    },
    "metrics_test": {
        "R2": 0.8574324132036745,
        "mse": 0.13625153465545867,
        "mae": 0.2758447657065884
    }
}
