{
    "metrics_train": {
        "R2": 0.8131057503987028,
        "mse": 0.2502491886394654,
        "mae": 0.36956718971081803
    },
    "metrics_test": {
        "R2": 0.8485709535620889,
        "mse": 0.23929170871891042,
        "mae": 0.35245023603157993
    }
}
