{
    "metrics_train": {
        "R2": 0.8062695780101828,
        "mse": 0.25940274257318024,
        "mae": 0.3724491188749637
    },
    "metrics_test": {
        "R2": 0.8484122194585338,
        "mse": 0.23954254404915362,
        "mae": 0.3499868362051283
    }
}
