{
    "metrics_train": {
        "R2": 0.8141564076437582,
        "mse": 0.24884237102108392,
        "mae": 0.3643997091800733
    },
    "metrics_test": {
        "R2": 0.8547356076070318,
        "mse": 0.22955017871013392,
        "mae": 0.34145575838169195
    }
}
