{
    "metrics_train": {
        "R2": 0.7947465454947994,
        "mse": 0.17401942610740662,
        "mae": 0.3202053904533386
    },
    "metrics_test": {
        "R2": 0.7457593764865345,
        "mse": 0.25164443254470825,
        "mae": 0.3857068717479706
    },
    "model_params": {
        "likelihood.noise": 0.04119359701871872,
        "covar_module.base_kernel.outputscale": 0.5504029989242554,
        "mean_module.constant": -7.321504592895508
    }
}
