{
    "metrics_train": {
        "R2": 0.7122352253673013,
        "mse": 0.25015168632898926,
        "mae": 0.3891928941078368
    },
    "metrics_test": {
        "R2": 0.7249580658950752,
        "mse": 0.2634741247841395,
        "mae": 0.39584469247992643
    }
}
