{
    "metrics_train": {
        "R2": 0.7188385145623152,
        "mse": 0.24441149825503516,
        "mae": 0.3899902447530088
    },
    "metrics_test": {
        "R2": 0.7014723721702045,
        "mse": 0.2859720490342942,
        "mae": 0.41856667326678954
    }
}
