{
    "metrics_train": {
        "R2": 0.6437519530913565,
        "mse": 0.3096836636775758,
        "mae": 0.4315644168916686
    },
    "metrics_test": {
        "R2": 0.6915080256034629,
        "mse": 0.2955173116476547,
        "mae": 0.4189708272297196
    }
}
