{
    "metrics_train": {
        "R2": 0.8531351372703553,
        "mse": 0.12479599670968904,
        "mae": 0.2740855512649146
    },
    "metrics_test": {
        "R2": 0.7037803899830013,
        "mse": 0.28309644125152417,
        "mae": 0.4096812907896212
    }
}
