{
    "metrics_train": {
        "R2": 0.7903683065314155,
        "mse": 0.1781310767062825,
        "mae": 0.3202418817143906
    },
    "metrics_test": {
        "R2": 0.8024024973192622,
        "mse": 0.18884350636305036,
        "mae": 0.3239257623379164
    }
}
