{
    "metrics_train": {
        "R2": 0.8045482050787907,
        "mse": 0.16608194160635403,
        "mae": 0.30969821037368567
    },
    "metrics_test": {
        "R2": 0.816394249253353,
        "mse": 0.1754716192716186,
        "mae": 0.31224460783568686
    }
}
