{
    "metrics_train": {
        "R2": 0.7442977059781708,
        "mse": 0.21727881026349108,
        "mae": 0.3649956155119938
    },
    "metrics_test": {
        "R2": 0.7448678788967369,
        "mse": 0.24382921687440584,
        "mae": 0.3806036850599022
    }
}
