{
    "metrics_train": {
        "R2": 0.9355614941452316,
        "mse": 0.056015893274864795,
        "mae": 0.18077960762944265
    },
    "metrics_test": {
        "R2": 0.6596438590896032,
        "mse": 0.3260413239643094,
        "mae": 0.4434996454754974
    }
}
