{
    "metrics_train": {
        "R2": 0.7518811066980694,
        "mse": 0.19303195602168985,
        "mae": 0.3380150102144473
    },
    "metrics_test": {
        "R2": 0.7956810521671167,
        "mse": 0.18400488323366052,
        "mae": 0.3257351568010118
    }
}
