{
    "metrics_train": {
        "R2": 0.7571596901322267,
        "mse": 0.18892531475886928,
        "mae": 0.3347071110564093
    },
    "metrics_test": {
        "R2": 0.8024653874486858,
        "mse": 0.1778950689724586,
        "mae": 0.3213235568693636
    }
}
