{
    "metrics_train": {
        "R2": 0.7526949322942549,
        "mse": 0.1923988146087099,
        "mae": 0.3380976183027607
    },
    "metrics_test": {
        "R2": 0.7993400582010488,
        "mse": 0.18070966766424776,
        "mae": 0.32304567199307704
    }
}
