{
    "metrics_train": {
        "R2": 0.3428749069120588,
        "mse": 0.6630726732276957,
        "mae": 0.6379667868758747
    },
    "metrics_test": {
        "R2": 0.3235336806932343,
        "mse": 0.6920451399313191,
        "mae": 0.6559377938795007
    },
    "model_params": {
        "alpha": 0.00015566543592710622
    }
}
