{
    "metrics_train": {
        "R2": 0.33051230289438926,
        "mse": 0.6755471700628889,
        "mae": 0.6443347416281543
    },
    "metrics_test": {
        "R2": 0.3214018321536468,
        "mse": 0.6942260843165519,
        "mae": 0.6576850230446618
    },
    "model_params": {
        "alpha": 0.0006321218475812448
    }
}
