{
    "metrics_train": {
        "R2": 0.2795310295054927,
        "mse": 0.7269898703738382,
        "mae": 0.6693579227537186
    },
    "metrics_test": {
        "R2": 0.2855359655414501,
        "mse": 0.7309179313013828,
        "mae": 0.6766347067982275
    },
    "model_params": {
        "alpha": 0.0029749075472144406
    }
}
