{
    "metrics_train": {
        "R2": 0.9492623573043104,
        "mse": 0.049731574952602386,
        "mae": 0.17380866408348083
    },
    "metrics_test": {
        "R2": 0.6613862028622777,
        "mse": 0.3801627457141876,
        "mae": 0.4831980764865875
    },
    "model_params": {
        "likelihood.noise": 0.1302906572818756,
        "covar_module.outputscale": 0.6161686182022095,
        "mean_module.constant": -7.284204006195068
    }
}
