{
    "metrics_train": {
        "R2": 0.9554868766611743,
        "mse": 0.0437740795314312,
        "mae": 0.1631232649087906
    },
    "metrics_test": {
        "R2": 0.6594120416186666,
        "mse": 0.38237911462783813,
        "mae": 0.4850568175315857
    },
    "model_params": {
        "likelihood.noise": 0.121966153383255,
        "covar_module.outputscale": 0.6454541087150574,
        "mean_module.constant": -7.398312568664551
    }
}
