{
    "metrics_train": {
        "R2": 0.968656393847415,
        "mse": 0.03216865658760071,
        "mae": 0.1399017572402954
    },
    "metrics_test": {
        "R2": 0.6641704740774009,
        "mse": 0.37703680992126465,
        "mae": 0.48107072710990906
    },
    "model_params": {
        "likelihood.noise": 0.10401413589715958,
        "covar_module.outputscale": 0.6997950673103333,
        "mean_module.constant": -7.306375980377197
    }
}
