{
    "metrics_train": {
        "R2": 0.739719928196578,
        "mse": 0.26071558978304155,
        "mae": 0.3952247302440716
    },
    "metrics_test": {
        "R2": 0.7750851388369846,
        "mse": 0.2525125937824884,
        "mae": 0.3830650593402372
    }
}
