{
    "metrics_train": {
        "R2": 0.7360312589440089,
        "mse": 0.2644104311630779,
        "mae": 0.40113723055196965
    },
    "metrics_test": {
        "R2": 0.7562534572661515,
        "mse": 0.27365497954636375,
        "mae": 0.40246384053622875
    }
}
