{
    "metrics_train": {
        "R2": 0.7563875196644353,
        "mse": 0.2440201089892327,
        "mae": 0.3819480581555531
    },
    "metrics_test": {
        "R2": 0.7790457197775227,
        "mse": 0.24806603760114335,
        "mae": 0.3809915561931621
    }
}
