{
    "metrics_train": {
        "R2": 0.8116857237738643,
        "mse": 0.2041027844998386,
        "mae": 0.3489761771012319
    },
    "metrics_test": {
        "R2": 0.8074262505796745,
        "mse": 0.22703920402395333,
        "mae": 0.3633602609273828
    }
}
