{
    "metrics_train": {
        "R2": 0.8158767889093106,
        "mse": 0.19956033513642676,
        "mae": 0.34440419147776086
    },
    "metrics_test": {
        "R2": 0.8142420876290473,
        "mse": 0.2190035178356506,
        "mae": 0.3560743506908908
    }
}
