{
    "metrics_train": {
        "R2": 0.7911096245440391,
        "mse": 0.22640401004212946,
        "mae": 0.36734095976410547
    },
    "metrics_test": {
        "R2": 0.7956105525738763,
        "mse": 0.24096959006202417,
        "mae": 0.3744343917801547
    }
}
