{
    "metrics_train": {
        "R2": 0.7925516758916734,
        "mse": 0.20779544048325732,
        "mae": 0.3520054863752047
    },
    "metrics_test": {
        "R2": 0.8197793115327227,
        "mse": 0.2023343111380905,
        "mae": 0.34535696547525485
    }
}
