{
    "metrics_train": {
        "R2": 0.7883577269318413,
        "mse": 0.21199640703827052,
        "mae": 0.354182067006852
    },
    "metrics_test": {
        "R2": 0.8198568299314174,
        "mse": 0.20224728099780073,
        "mae": 0.34260487549711965
    }
}
