{
    "metrics_train": {
        "R2": 0.7813744677107535,
        "mse": 0.21899135111454537,
        "mae": 0.36061708260634157
    },
    "metrics_test": {
        "R2": 0.813493256664279,
        "mse": 0.20939168392031537,
        "mae": 0.34974587548002606
    }
}
