{
    "metrics_train": {
        "R2": 0.6120314287547153,
        "mse": 0.3372580694198305,
        "mae": 0.45496395244400356
    },
    "metrics_test": {
        "R2": 0.6000401765381417,
        "mse": 0.38313817410559425,
        "mae": 0.48541856508456405
    },
    "model_params": {
        "alpha": 228.22244741868963
    }
}
