{
    "metrics_train": {
        "R2": 0.6122251650504642,
        "mse": 0.33708965596079415,
        "mae": 0.4548282294422426
    },
    "metrics_test": {
        "R2": 0.5999145378768462,
        "mse": 0.3832585286123773,
        "mae": 0.4854719150500926
    },
    "model_params": {
        "alpha": 133.69837418249452
    }
}
