{
    "metrics_train": {
        "R2": 0.6119234388282826,
        "mse": 0.3373519442251752,
        "mae": 0.455037922876526
    },
    "metrics_test": {
        "R2": 0.6000600465972294,
        "mse": 0.3831191397483621,
        "mae": 0.4854155147526893
    },
    "model_params": {
        "alpha": 269.4203713681882
    }
}
