{
    "metrics_train": {
        "R2": 0.8088431704313843,
        "mse": 0.2526707649230957,
        "mae": 0.3834689259529114
    },
    "metrics_test": {
        "R2": 0.7704331774254712,
        "mse": 0.3613074719905853,
        "mae": 0.4595505893230438
    },
    "model_params": {
        "likelihood.noise": 0.05723695084452629,
        "covar_module.base_kernel.outputscale": 0.8273352384567261,
        "mean_module.constant": -8.266374588012695
    }
}
