{
    "metrics_train": {
        "R2": 0.9809937149465885,
        "mse": 0.04503543703710831,
        "mae": 0.144762544842654
    },
    "metrics_test": {
        "R2": 0.9551675314611603,
        "mse": 0.09353517744403096,
        "mae": 0.18142359377501407
    }
}
