{
    "metrics_train": {
        "R2": 0.973473404893426,
        "mse": 0.06285482935638445,
        "mae": 0.16648542980525627
    },
    "metrics_test": {
        "R2": 0.9436683353718586,
        "mse": 0.11752625760828146,
        "mae": 0.19036750589258572
    }
}
