{
    "metrics_train": {
        "R2": 0.982296629684745,
        "mse": 0.04194817750742803,
        "mae": 0.12799048789513814
    },
    "metrics_test": {
        "R2": 0.9597348961194498,
        "mse": 0.08400616247590355,
        "mae": 0.16107572991378058
    }
}
