{
    "metrics_train": {
        "R2": 0.9432145047451586,
        "mse": 0.06141071413981561,
        "mae": 0.1886808631634235
    },
    "metrics_test": {
        "R2": 0.685360710110613,
        "mse": 0.3720539681767693,
        "mae": 0.47643534667697957
    }
}
