{
    "metrics_train": {
        "R2": 0.9387605384462379,
        "mse": 0.054757062095511407,
        "mae": 0.17615384847672436
    },
    "metrics_test": {
        "R2": 0.6861037929613929,
        "mse": 0.3362919689214811,
        "mae": 0.44370567121089
    }
}
