{
    "metrics_train": {
        "R2": 0.7704455042557766,
        "mse": 0.195060133934021,
        "mae": 0.33234211802482605
    },
    "metrics_test": {
        "R2": 0.7374698933768781,
        "mse": 0.25089946389198303,
        "mae": 0.37786421179771423
    },
    "model_params": {
        "likelihood.noise": 0.05699494481086731,
        "covar_module.base_kernel.outputscale": 0.5693661570549011,
        "mean_module.constant": -7.061088562011719
    }
}
