{
    "metrics_train": {
        "R2": 0.631148019379554,
        "mse": 0.44601966044420216,
        "mae": 0.5215008881741334
    },
    "metrics_test": {
        "R2": 0.6298032020411497,
        "mse": 0.5176867759223026,
        "mae": 0.565568927714427
    },
    "model_params": {
        "alpha": 121.92312516491094
    }
}
