{
    "metrics_train": {
        "R2": 0.6310152781867104,
        "mse": 0.446180172478486,
        "mae": 0.5216625829937087
    },
    "metrics_test": {
        "R2": 0.6294920073136527,
        "mse": 0.5181219536333208,
        "mae": 0.5659529542371771
    },
    "model_params": {
        "alpha": 189.79216428390995
    }
}
