{
    "metrics_train": {
        "R2": 0.6312164538975529,
        "mse": 0.44593690871157177,
        "mae": 0.5213982960102488
    },
    "metrics_test": {
        "R2": 0.6300125935210357,
        "mse": 0.517393960855491,
        "mae": 0.5652938824311388
    },
    "model_params": {
        "alpha": 68.83952069645497
    }
}
