{
    "metrics_train": {
        "R2": 0.5809820452151384,
        "mse": 0.4228104486224777,
        "mae": 0.4875862843658348
    },
    "metrics_test": {
        "R2": 0.6010423450416147,
        "mse": 0.408145532559976,
        "mae": 0.4740529806010517
    }
}
