{
    "metrics_train": {
        "R2": 0.554162397260032,
        "mse": 0.44987283880004814,
        "mae": 0.4956261331199892
    },
    "metrics_test": {
        "R2": 0.5598915967092728,
        "mse": 0.4502439705385558,
        "mae": 0.4946954618584472
    }
}
