{
    "metrics_train": {
        "R2": 0.5887248853612919,
        "mse": 0.41499752872626916,
        "mae": 0.47686550960315793
    },
    "metrics_test": {
        "R2": 0.6033269486592393,
        "mse": 0.40580831519213,
        "mae": 0.4692056834673195
    }
}
