{
    "metrics_train": {
        "R2": 0.4171615887382558,
        "mse": 0.5009294323430671,
        "mae": 0.5558807342842391
    },
    "metrics_test": {
        "R2": 0.4223035631817085,
        "mse": 0.44976909878732874,
        "mae": 0.5239074378036745
    },
    "model_params": {
        "alpha": 513.7013543351338
    }
}
