{
    "metrics_train": {
        "R2": 0.4174588186356786,
        "mse": 0.5006739735385092,
        "mae": 0.5557135578212012
    },
    "metrics_test": {
        "R2": 0.4219658626704792,
        "mse": 0.45003201758847655,
        "mae": 0.5240547672557511
    },
    "model_params": {
        "alpha": 427.19939663067765
    }
}
