{
    "metrics_train": {
        "R2": 0.4182623478047024,
        "mse": 0.4999833680418007,
        "mae": 0.5551833183666826
    },
    "metrics_test": {
        "R2": 0.41934473271545014,
        "mse": 0.4520727143671702,
        "mae": 0.5251995928896559
    },
    "model_params": {
        "alpha": 40.32789982193705
    }
}
