{
    "metrics_train": {
        "R2": 0.41736257273795285,
        "mse": 0.5007566935548662,
        "mae": 0.55569388461283
    },
    "metrics_test": {
        "R2": 0.4216003587980969,
        "mse": 0.4503165828667221,
        "mae": 0.5241077250727495
    },
    "model_params": {
        "alpha": 0.00011589483034398106
    }
}
