{
    "metrics_train": {
        "R2": 0.4171916642918446,
        "mse": 0.5009035834461936,
        "mae": 0.5557826079862059
    },
    "metrics_test": {
        "R2": 0.42175746115366375,
        "mse": 0.45019426986567634,
        "mae": 0.5240326149041009
    },
    "model_params": {
        "alpha": 0.0001270878709202058
    }
}
