{
    "metrics_train": {
        "R2": 0.3772667213364359,
        "mse": 0.5352176894223021,
        "mae": 0.5747621009950511
    },
    "metrics_test": {
        "R2": 0.40510005605468224,
        "mse": 0.463162994618017,
        "mae": 0.5321636157029609
    },
    "model_params": {
        "alpha": 0.0014493095741262166
    }
}
