{
    "metrics_train": {
        "R2": 0.6186791827504614,
        "mse": 0.34095674812740784,
        "mae": 0.4480330277303369
    },
    "metrics_test": {
        "R2": 0.6167794677402847,
        "mse": 0.4105624229760349,
        "mae": 0.4929310160104932
    },
    "model_params": {
        "alpha": 0.00011377741332214914
    }
}
