{
    "metrics_train": {
        "R2": 0.6188443094678096,
        "mse": 0.3408091006189869,
        "mae": 0.44792692131722955
    },
    "metrics_test": {
        "R2": 0.6169614822739249,
        "mse": 0.41036742213015764,
        "mae": 0.49279418184282997
    },
    "model_params": {
        "alpha": 0.00010186101701559753
    }
}
