{
    "metrics_train": {
        "R2": 0.6185835792404285,
        "mse": 0.3410422316898462,
        "mae": 0.44809477340268034
    },
    "metrics_test": {
        "R2": 0.6166749636261797,
        "mse": 0.4106743832148168,
        "mae": 0.49301048527185787
    },
    "model_params": {
        "alpha": 0.00012024861420374123
    }
}
