{
    "metrics_train": {
        "R2": 0.9201475439454957,
        "mse": 0.12133157306598788,
        "mae": 0.2580066995093881
    },
    "metrics_test": {
        "R2": 0.4947770299433466,
        "mse": 0.6754847632888749,
        "mae": 0.6029205420993483
    }
}
