{
    "metrics_train": {
        "R2": 0.6636476652655194,
        "mse": 0.2858098532124097,
        "mae": 0.41178142110365207
    },
    "metrics_test": {
        "R2": 0.6620636402149302,
        "mse": 0.32296504886748695,
        "mae": 0.44069762439418475
    },
    "model_params": {
        "alpha": 182.92045048462938
    }
}
