{
    "metrics_train": {
        "R2": 0.6638318572213147,
        "mse": 0.28565333913353363,
        "mae": 0.4116176769314203
    },
    "metrics_test": {
        "R2": 0.6623810297986096,
        "mse": 0.3226617203281484,
        "mae": 0.440376510322712
    },
    "model_params": {
        "alpha": 74.1088151564157
    }
}
