{
    "metrics_train": {
        "R2": 0.6638552145592755,
        "mse": 0.2856334916205402,
        "mae": 0.41159245746654105
    },
    "metrics_test": {
        "R2": 0.6624335019045523,
        "mse": 0.3226115728498754,
        "mae": 0.4403157518593124
    },
    "model_params": {
        "alpha": 47.607752302263684
    }
}
