{
    "metrics_train": {
        "R2": 0.5186990127898361,
        "mse": 0.5340721949489449,
        "mae": 0.5612021103518156
    },
    "metrics_test": {
        "R2": 0.5877857438497935,
        "mse": 0.48360917286916694,
        "mae": 0.5313792539272642
    }
}
