{
    "metrics_train": {
        "R2": 0.588591195844552,
        "mse": 0.4565168343622727,
        "mae": 0.5063582207417743
    },
    "metrics_test": {
        "R2": 0.6332174024392381,
        "mse": 0.43030881630772466,
        "mae": 0.49281342185017923
    }
}
