{
    "metrics_train": {
        "R2": 0.6070007172189726,
        "mse": 0.4360888407581308,
        "mae": 0.48976511457412814
    },
    "metrics_test": {
        "R2": 0.6396118288754438,
        "mse": 0.4228068844030229,
        "mae": 0.48648777591210546
    }
}
