{
    "metrics_train": {
        "R2": 0.3999215279720315,
        "mse": 0.6658727806798446,
        "mae": 0.6236105383539103
    },
    "metrics_test": {
        "R2": 0.4231259438881104,
        "mse": 0.6767878135303851,
        "mae": 0.6425427312824691
    },
    "model_params": {
        "alpha": 0.0003376980310825091
    }
}
