{
    "metrics_train": {
        "R2": 0.4041528204408821,
        "mse": 0.6611775572825088,
        "mae": 0.6213308420385768
    },
    "metrics_test": {
        "R2": 0.424810969908204,
        "mse": 0.6748109434253794,
        "mae": 0.6412634439070634
    },
    "model_params": {
        "alpha": 0.0001294529978227916
    }
}
