{
    "metrics_train": {
        "R2": 0.4024560163070927,
        "mse": 0.6630604038425879,
        "mae": 0.6222323038034443
    },
    "metrics_test": {
        "R2": 0.4243107564765586,
        "mse": 0.6753977931044646,
        "mae": 0.6417057694823075
    },
    "model_params": {
        "alpha": 0.00022927693128656486
    }
}
