{
    "metrics_train": {
        "R2": 0.7221134837525117,
        "mse": 0.3720867569394649,
        "mae": 0.4622596944158178
    },
    "metrics_test": {
        "R2": 0.7587100729542667,
        "mse": 0.38129196675030746,
        "mae": 0.45900220136479825
    }
}
