{
    "metrics_train": {
        "R2": 0.7138214230886533,
        "mse": 0.38318972804588775,
        "mae": 0.4643135077114906
    },
    "metrics_test": {
        "R2": 0.7610199984679652,
        "mse": 0.37764176861336707,
        "mae": 0.45110828092150296
    }
}
