{
    "metrics_train": {
        "R2": 0.7637641669506768,
        "mse": 0.31631698500236255,
        "mae": 0.4192700431845246
    },
    "metrics_test": {
        "R2": 0.7873344402490075,
        "mse": 0.3360590743688272,
        "mae": 0.4241979699907336
    }
}
