{
    "metrics_train": {
        "R2": 0.7625711482465727,
        "mse": 0.2871014428622276,
        "mae": 0.410718898666823
    },
    "metrics_test": {
        "R2": 0.7966311444067623,
        "mse": 0.2843929708618773,
        "mae": 0.4023596226543556
    }
}
