{
    "metrics_train": {
        "R2": 0.7181006843486851,
        "mse": 0.34087559143577734,
        "mae": 0.4546951187738703
    },
    "metrics_test": {
        "R2": 0.7755806157214585,
        "mse": 0.3138302333845159,
        "mae": 0.4282850632831883
    }
}
