{
    "metrics_train": {
        "R2": 0.7555934204186272,
        "mse": 0.29553898409830076,
        "mae": 0.42149341136444607
    },
    "metrics_test": {
        "R2": 0.7749045475672441,
        "mse": 0.31477565361772347,
        "mae": 0.4286156294228119
    }
}
