{
    "metrics_train": {
        "R2": 0.6302731611126997,
        "mse": 0.3703454904988801,
        "mae": 0.4787602704440622
    },
    "metrics_test": {
        "R2": 0.6400187191283424,
        "mse": 0.4041520710370566,
        "mae": 0.5023510341880999
    },
    "model_params": {
        "alpha": 0.00011169868184678226
    }
}
