{
    "metrics_train": {
        "R2": 0.6139986595325868,
        "mse": 0.38664722366072096,
        "mae": 0.4907983431655893
    },
    "metrics_test": {
        "R2": 0.6242713962513333,
        "mse": 0.42183163798182083,
        "mae": 0.5149760485368448
    },
    "model_params": {
        "alpha": 0.0006931717276155408
    }
}
