{
    "metrics_train": {
        "R2": 0.6290221787494352,
        "mse": 0.3715985660892887,
        "mae": 0.47978401671701587
    },
    "metrics_test": {
        "R2": 0.6385913921137043,
        "mse": 0.40575453538635914,
        "mae": 0.5036237433908379
    },
    "model_params": {
        "alpha": 0.00018718552949655793
    }
}
