{
    "metrics_train": {
        "R2": 0.7745653357130622,
        "mse": 0.19591557651481484,
        "mae": 0.3403858452191941
    },
    "metrics_test": {
        "R2": 0.784887653506373,
        "mse": 0.217433743132207,
        "mae": 0.3531809393219832
    }
}
