{
    "metrics_train": {
        "R2": 0.7916217425812777,
        "mse": 0.1810925864683311,
        "mae": 0.32434829243201263
    },
    "metrics_test": {
        "R2": 0.8144439212441161,
        "mse": 0.18755851731653972,
        "mae": 0.32490353435649694
    }
}
