{
    "metrics_train": {
        "R2": 0.7898755821426869,
        "mse": 0.18261009944751716,
        "mae": 0.3271655784696495
    },
    "metrics_test": {
        "R2": 0.8074832113924788,
        "mse": 0.19459434404879822,
        "mae": 0.3334639526174496
    }
}
