{
    "metrics_train": {
        "R2": 0.9429570241522446,
        "mse": 0.04957359834026735,
        "mae": 0.16843250896936407
    },
    "metrics_test": {
        "R2": 0.6885350535623951,
        "mse": 0.31482613742213617,
        "mae": 0.4362457041859256
    }
}
