{
    "metrics_train": {
        "R2": 0.9426903650246281,
        "mse": 0.049860684251326344,
        "mae": 0.16942731586466625
    },
    "metrics_test": {
        "R2": 0.6879545640588047,
        "mse": 0.3221157476270971,
        "mae": 0.44070409556627976
    }
}
