{
    "metrics_train": {
        "R2": 0.7335516926604133,
        "mse": 0.2668941617012024,
        "mae": 0.40110981464385986
    },
    "metrics_test": {
        "R2": 0.7059098755409633,
        "mse": 0.33017587661743164,
        "mae": 0.4475128948688507
    },
    "model_params": {
        "likelihood.noise": 0.12383844703435898,
        "covar_module.base_kernel.outputscale": 0.6501826047897339,
        "mean_module.constant": -7.308421611785889
    }
}
