{
    "metrics_train": {
        "R2": 0.7336007101652955,
        "mse": 0.26684504747390747,
        "mae": 0.4011537432670593
    },
    "metrics_test": {
        "R2": 0.7076018559507644,
        "mse": 0.32827630639076233,
        "mae": 0.44563090801239014
    },
    "model_params": {
        "likelihood.noise": 0.12773273885250092,
        "covar_module.base_kernel.outputscale": 0.6363013982772827,
        "mean_module.constant": -7.274580478668213
    }
}
