{
    "metrics_train": {
        "R2": 0.6062953240555364,
        "mse": 0.3752975012230879,
        "mae": 0.47752393050287534
    },
    "metrics_test": {
        "R2": 0.5967019953095953,
        "mse": 0.4275170379330084,
        "mae": 0.5094357048987037
    },
    "model_params": {
        "alpha": 0.0001
    }
}
