{
    "metrics_train": {
        "R2": 0.6058191661002527,
        "mse": 0.3757513970026512,
        "mae": 0.4778504226339305
    },
    "metrics_test": {
        "R2": 0.5965194122480412,
        "mse": 0.4277105855547287,
        "mae": 0.5096546535452776
    },
    "model_params": {
        "alpha": 0.00013431611700460153
    }
}
