{
    "metrics_train": {
        "R2": 0.5810321995906846,
        "mse": 0.3993794795790783,
        "mae": 0.493859177673913
    },
    "metrics_test": {
        "R2": 0.5784730744428027,
        "mse": 0.4468406501578417,
        "mae": 0.5231345107164562
    },
    "model_params": {
        "alpha": 0.0009839952296278227
    }
}
