{
    "metrics_train": {
        "R2": 0.7304755957396221,
        "mse": 0.23709211991986867,
        "mae": 0.372709065799702
    },
    "metrics_test": {
        "R2": 0.755484984984621,
        "mse": 0.24198896930603508,
        "mae": 0.371037530466117
    }
}
