{
    "metrics_train": {
        "R2": 0.6970684581691599,
        "mse": 0.26647932546354103,
        "mae": 0.3930812726533919
    },
    "metrics_test": {
        "R2": 0.7339412055582428,
        "mse": 0.2633101833755185,
        "mae": 0.3858349596325753
    }
}
