{
    "metrics_train": {
        "R2": 0.7240511147563995,
        "mse": 0.24274353326730566,
        "mae": 0.3766447521345397
    },
    "metrics_test": {
        "R2": 0.76452220889094,
        "mse": 0.23304510752175803,
        "mae": 0.3639367018290508
    }
}
