{
    "metrics_train": {
        "R2": 0.7193883842112078,
        "mse": 0.346090416639983,
        "mae": 0.4510356671779873
    },
    "metrics_test": {
        "R2": 0.7381642825079167,
        "mse": 0.33288591573311,
        "mae": 0.4354789624393595
    }
}
