{
    "metrics_train": {
        "R2": 0.7441055308122118,
        "mse": 0.31560569297219426,
        "mae": 0.427462562044783
    },
    "metrics_test": {
        "R2": 0.7568293924414026,
        "mse": 0.3091559514945393,
        "mae": 0.4175384539733229
    }
}
