{
    "metrics_train": {
        "R2": 0.6853251039585525,
        "mse": 0.3881021303091676,
        "mae": 0.47976677456782185
    },
    "metrics_test": {
        "R2": 0.7142246128247081,
        "mse": 0.36332171319104856,
        "mae": 0.4563571010473925
    }
}
