{
    "metrics_train": {
        "R2": 0.7190429049842579,
        "mse": 0.20083255521350565,
        "mae": 0.3489352525371518
    },
    "metrics_test": {
        "R2": 0.7458206861119777,
        "mse": 0.20750006470619908,
        "mae": 0.3506275081830751
    }
}
