{
    "metrics_train": {
        "R2": 0.697152193228987,
        "mse": 0.21648038064751746,
        "mae": 0.3629623938447262
    },
    "metrics_test": {
        "R2": 0.7225270280737164,
        "mse": 0.22651591409318994,
        "mae": 0.36694783253802193
    }
}
