{
    "metrics_train": {
        "R2": 0.6906544643373663,
        "mse": 0.2211250595666089,
        "mae": 0.3676533152158786
    },
    "metrics_test": {
        "R2": 0.7261186172180356,
        "mse": 0.22358390924808813,
        "mae": 0.3650612219370932
    }
}
