{
    "metrics_train": {
        "R2": 0.5709750159957132,
        "mse": 0.5291350290173416,
        "mae": 0.5632847770124073
    },
    "metrics_test": {
        "R2": 0.5771944804491366,
        "mse": 0.5375355352615633,
        "mae": 0.5744377010848123
    },
    "model_params": {
        "alpha": 295.440799888038
    }
}
