{
    "metrics_train": {
        "R2": 0.5711180883379704,
        "mse": 0.5289585717227914,
        "mae": 0.5631864340996218
    },
    "metrics_test": {
        "R2": 0.5771246087669497,
        "mse": 0.5376243669119255,
        "mae": 0.5744418180911733
    },
    "model_params": {
        "alpha": 245.691646298279
    }
}
