{
    "metrics_train": {
        "R2": 0.5709226245838082,
        "mse": 0.5291996456067997,
        "mae": 0.5633211124242572
    },
    "metrics_test": {
        "R2": 0.5772117542905941,
        "mse": 0.5375135740922207,
        "mae": 0.5744394179020486
    },
    "model_params": {
        "alpha": 312.2442823092858
    }
}
