{
    "metrics_train": {
        "R2": 0.9842483014400795,
        "mse": 0.019060341641306877,
        "mae": 0.10601665079593658
    },
    "metrics_test": {
        "R2": 0.6228845949198506,
        "mse": 0.47944721579551697,
        "mae": 0.5334298610687256
    },
    "model_params": {
        "likelihood.noise": 0.09093520790338516,
        "covar_module.outputscale": 1.0762587785720825,
        "mean_module.constant": -7.362764358520508
    }
}
