{
    "metrics_train": {
        "R2": 0.9721471291513418,
        "mse": 0.034673113375902176,
        "mae": 0.1420099139213562
    },
    "metrics_test": {
        "R2": 0.626181609804191,
        "mse": 0.4752555191516876,
        "mae": 0.5313059687614441
    },
    "model_params": {
        "likelihood.noise": 0.12497177720069885,
        "covar_module.outputscale": 0.9894970655441284,
        "mean_module.constant": -7.5249152183532715
    }
}
