{
    "metrics_train": {
        "R2": 0.9710282318633942,
        "mse": 0.03656354546546936,
        "mae": 0.14608134329319
    },
    "metrics_test": {
        "R2": 0.628546047096971,
        "mse": 0.47224950790405273,
        "mae": 0.5310423374176025
    },
    "model_params": {
        "likelihood.noise": 0.13043896853923798,
        "covar_module.outputscale": 1.0164912939071655,
        "mean_module.constant": -7.328502655029297
    }
}
