{
    "metrics_train": {
        "R2": 0.7035213759487874,
        "mse": 0.3361627161502838,
        "mae": 0.44829633831977844
    },
    "metrics_test": {
        "R2": 0.6812019931578407,
        "mse": 0.3989097774028778,
        "mae": 0.4912889301776886
    },
    "model_params": {
        "likelihood.noise": 0.14029036462306976,
        "covar_module.base_kernel.outputscale": 0.8413301706314087,
        "mean_module.constant": -7.371680736541748
    }
}
