{
    "metrics_train": {
        "R2": 0.923962701317575,
        "mse": 0.06520316749811172,
        "mae": 0.1993195116519928
    },
    "metrics_test": {
        "R2": 0.5242014146762481,
        "mse": 0.41659489274024963,
        "mae": 0.5057745575904846
    },
    "model_params": {
        "likelihood.noise": 0.16174551844596863,
        "covar_module.outputscale": 0.6946977376937866,
        "mean_module.constant": -7.484981536865234
    }
}
