{
    "metrics_train": {
        "R2": 0.9403937086088394,
        "mse": 0.05146188288927078,
        "mae": 0.17672204971313477
    },
    "metrics_test": {
        "R2": 0.5287466017515431,
        "mse": 0.41261526942253113,
        "mae": 0.5010383129119873
    },
    "model_params": {
        "likelihood.noise": 0.1429586261510849,
        "covar_module.outputscale": 0.7438727617263794,
        "mean_module.constant": -7.207345008850098
    }
}
