{
    "metrics_train": {
        "R2": 0.9507874387814556,
        "mse": 0.04215460643172264,
        "mae": 0.1614273637533188
    },
    "metrics_test": {
        "R2": 0.527110298816606,
        "mse": 0.4140479564666748,
        "mae": 0.5025596618652344
    },
    "model_params": {
        "likelihood.noise": 0.12784050405025482,
        "covar_module.outputscale": 0.7742215991020203,
        "mean_module.constant": -7.463580131530762
    }
}
