{
    "metrics_train": {
        "R2": 0.8501543679127282,
        "mse": 0.1303691037493889,
        "mae": 0.2780362113173833
    },
    "metrics_test": {
        "R2": 0.8800253570632512,
        "mse": 0.12384645745354725,
        "mae": 0.26827523377399065
    }
}
