{
    "metrics_train": {
        "R2": 0.8479346406134678,
        "mse": 0.1323003169221833,
        "mae": 0.27946247579927835
    },
    "metrics_test": {
        "R2": 0.8812709403257462,
        "mse": 0.12256067680234123,
        "mae": 0.2663842707049935
    }
}
