{
    "metrics_train": {
        "R2": 0.8462681139614748,
        "mse": 0.1337502329655702,
        "mae": 0.28258617629761107
    },
    "metrics_test": {
        "R2": 0.8785026015231178,
        "mse": 0.12541835526959424,
        "mae": 0.27167786183338477
    }
}
