{
    "metrics_train": {
        "R2": 0.9799662518430111,
        "mse": 0.021665040403604507,
        "mae": 0.11405117064714432
    },
    "metrics_test": {
        "R2": 0.6856511006080228,
        "mse": 0.37171056866645813,
        "mae": 0.4758036136627197
    },
    "model_params": {
        "likelihood.noise": 0.08444608747959137,
        "covar_module.outputscale": 0.748499870300293,
        "mean_module.constant": -7.291893005371094
    }
}
