{
    "metrics_train": {
        "R2": 0.9793264601958283,
        "mse": 0.02168472483754158,
        "mae": 0.11481380462646484
    },
    "metrics_test": {
        "R2": 0.6876021144052451,
        "mse": 0.36940354108810425,
        "mae": 0.476167768239975
    },
    "model_params": {
        "likelihood.noise": 0.08437007665634155,
        "covar_module.outputscale": 0.747653603553772,
        "mean_module.constant": -7.378758430480957
    }
}
