{
    "metrics_train": {
        "R2": 0.9675870132098506,
        "mse": 0.034769605845212936,
        "mae": 0.14521345496177673
    },
    "metrics_test": {
        "R2": 0.6867934635410585,
        "mse": 0.37035977840423584,
        "mae": 0.4773573577404022
    },
    "model_params": {
        "likelihood.noise": 0.10887608677148819,
        "covar_module.outputscale": 0.6974917650222778,
        "mean_module.constant": -7.2412028312683105
    }
}
