{
    "metrics_train": {
        "R2": 0.4052940955480727,
        "mse": 0.9036240895274655,
        "mae": 0.6932469078631461
    },
    "metrics_test": {
        "R2": 0.3882522103702982,
        "mse": 0.8179087954456508,
        "mae": 0.673981002488254
    }
}
