{
    "metrics_train": {
        "R2": 0.4921604359190195,
        "mse": 0.77163529113035,
        "mae": 0.6439504594447318
    },
    "metrics_test": {
        "R2": 0.4245628570970622,
        "mse": 0.769361342018615,
        "mae": 0.6588001350623098
    }
}
