{
    "metrics_train": {
        "R2": 0.48402019683355857,
        "mse": 0.784003952811815,
        "mae": 0.6533411352873864
    },
    "metrics_test": {
        "R2": 0.46241543007867614,
        "mse": 0.718752328146001,
        "mae": 0.6388714212436735
    }
}
