{
    "metrics_train": {
        "R2": 0.7302845540886753,
        "mse": 0.29232874512672424,
        "mae": 0.41564780473709106
    },
    "metrics_test": {
        "R2": 0.6831998263215185,
        "mse": 0.3734987676143646,
        "mae": 0.472750186920166
    },
    "model_params": {
        "likelihood.noise": 0.08066744357347488,
        "covar_module.base_kernel.outputscale": 0.8569818735122681,
        "mean_module.constant": -6.940397262573242
    }
}
