{
    "metrics_train": {
        "R2": 0.6444964705324594,
        "mse": 0.3844595442172414,
        "mae": 0.48843916424926664
    },
    "metrics_test": {
        "R2": 0.6548897104077156,
        "mse": 0.408085248179218,
        "mae": 0.5048683800695473
    },
    "model_params": {
        "alpha": 65.13490946272796
    }
}
