{
    "metrics_train": {
        "R2": 0.6444806142338071,
        "mse": 0.38447669202267093,
        "mae": 0.488465408154832
    },
    "metrics_test": {
        "R2": 0.6548717025771486,
        "mse": 0.4081065420386819,
        "mae": 0.5049146077873743
    },
    "model_params": {
        "alpha": 81.26619200091946
    }
}
