{
    "metrics_train": {
        "R2": 0.6443067460300103,
        "mse": 0.3846647219150486,
        "mae": 0.48868165943989944
    },
    "metrics_test": {
        "R2": 0.6546702065777825,
        "mse": 0.408344806580158,
        "mae": 0.5052783239477089
    },
    "model_params": {
        "alpha": 186.324631193156
    }
}
