{
    "metrics_train": {
        "R2": 0.6798026115023188,
        "mse": 0.2782697867893788,
        "mae": 0.4105451612070468
    },
    "metrics_test": {
        "R2": 0.6633277781330622,
        "mse": 0.3403054385413155,
        "mae": 0.45713865641369383
    },
    "model_params": {
        "alpha": 82.77856966198472
    }
}
