{
    "metrics_train": {
        "R2": 0.6795723468143438,
        "mse": 0.2784698999318643,
        "mae": 0.4107363252831866
    },
    "metrics_test": {
        "R2": 0.6624550025563798,
        "mse": 0.3411876327233127,
        "mae": 0.45784959811259945
    },
    "model_params": {
        "alpha": 204.31973201952704
    }
}
