{
    "metrics_train": {
        "R2": 0.6797605293232036,
        "mse": 0.27830635860236247,
        "mae": 0.4105815991947605
    },
    "metrics_test": {
        "R2": 0.663121419899772,
        "mse": 0.3405140237007534,
        "mae": 0.4573089342587825
    },
    "model_params": {
        "alpha": 113.25413151528126
    }
}
