{
    "metrics_train": {
        "R2": 0.574258836585452,
        "mse": 0.33121882996977187,
        "mae": 0.44993277320220176
    },
    "metrics_test": {
        "R2": 0.5827016764219197,
        "mse": 0.37580914603373416,
        "mae": 0.48122164959053
    },
    "model_params": {
        "alpha": 250.26400964179166
    }
}
