{
    "metrics_train": {
        "R2": 0.5738037582596323,
        "mse": 0.33157287257494,
        "mae": 0.4502193811438446
    },
    "metrics_test": {
        "R2": 0.5820372867096245,
        "mse": 0.37640747992654816,
        "mae": 0.4817197752833569
    },
    "model_params": {
        "alpha": 404.209583979631
    }
}
