{
    "metrics_train": {
        "R2": 0.5743802762801713,
        "mse": 0.33112435211079716,
        "mae": 0.44985062109189433
    },
    "metrics_test": {
        "R2": 0.5828892424376744,
        "mse": 0.37564022845074146,
        "mae": 0.4810669235849283
    },
    "model_params": {
        "alpha": 196.92202554791734
    }
}
