{
    "metrics_train": {
        "R2": 0.34385411295390744,
        "mse": 0.6620846044799963,
        "mae": 0.6374127088515213
    },
    "metrics_test": {
        "R2": 0.3225721864434322,
        "mse": 0.6930287771112592,
        "mae": 0.6563040040981387
    },
    "model_params": {
        "alpha": 290.04304938639916
    }
}
