{
    "metrics_train": {
        "R2": 0.3435842704882959,
        "mse": 0.6623568892655043,
        "mae": 0.6375588204457127
    },
    "metrics_test": {
        "R2": 0.32297479419288677,
        "mse": 0.692616897423599,
        "mae": 0.6561482013162476
    },
    "model_params": {
        "alpha": 389.5745615775501
    }
}
