{
    "metrics_train": {
        "R2": 0.34417760480501713,
        "mse": 0.6617581847332252,
        "mae": 0.6372312789831616
    },
    "metrics_test": {
        "R2": 0.32158499170895927,
        "mse": 0.694038706650483,
        "mae": 0.6567209210955358
    },
    "model_params": {
        "alpha": 117.50871309048075
    }
}
