{
    "metrics_train": {
        "R2": 0.744331786764817,
        "mse": 0.24371476244003473,
        "mae": 0.3857026492500781
    },
    "metrics_test": {
        "R2": 0.7380292010242169,
        "mse": 0.2777027872702864,
        "mae": 0.4073534915821349
    }
}
