{
    "metrics_train": {
        "R2": 0.7857240362550669,
        "mse": 0.20425775633151516,
        "mae": 0.3479945112258796
    },
    "metrics_test": {
        "R2": 0.7897713731559407,
        "mse": 0.22285337093618976,
        "mae": 0.3583878129436316
    }
}
