{
    "metrics_train": {
        "R2": 0.727923248875598,
        "mse": 0.2593561394538472,
        "mae": 0.39441294647542213
    },
    "metrics_test": {
        "R2": 0.7166251793916385,
        "mse": 0.3003921728407368,
        "mae": 0.42026360121955814
    }
}
