{
    "metrics_train": {
        "R2": 0.5758399138231911,
        "mse": 0.4809344946772113,
        "mae": 0.546084449872109
    },
    "metrics_test": {
        "R2": 0.586769436877196,
        "mse": 0.5170725960674017,
        "mae": 0.5699188916452689
    },
    "model_params": {
        "alpha": 0.0001906690840512252
    }
}
