{
    "metrics_train": {
        "R2": 0.5647583513877166,
        "mse": 0.493499339422922,
        "mae": 0.5540330754156281
    },
    "metrics_test": {
        "R2": 0.5785401847848508,
        "mse": 0.5273698032994272,
        "mae": 0.5765413014859894
    },
    "model_params": {
        "alpha": 0.000643885742724042
    }
}
