{
    "metrics_train": {
        "R2": 0.5764071267570612,
        "mse": 0.48029135951523966,
        "mae": 0.5456492989185178
    },
    "metrics_test": {
        "R2": 0.5870810735288698,
        "mse": 0.5166826472424818,
        "mae": 0.5696020752449443
    },
    "model_params": {
        "alpha": 0.00015282140360258693
    }
}
