{
    "metrics_train": {
        "R2": 0.6004652980275973,
        "mse": 0.3514580793978045,
        "mae": 0.45794761518385685
    },
    "metrics_test": {
        "R2": 0.5991381789547696,
        "mse": 0.3967205813629663,
        "mae": 0.4925994591990852
    },
    "model_params": {
        "alpha": 0.0005454271305329836
    }
}
