{
    "metrics_train": {
        "R2": 0.6036296022030927,
        "mse": 0.3486745407898694,
        "mae": 0.45593830812339
    },
    "metrics_test": {
        "R2": 0.602007452097056,
        "mse": 0.3938809502249125,
        "mae": 0.4905588243589233
    },
    "model_params": {
        "alpha": 0.0004535828825510186
    }
}
