{
    "metrics_train": {
        "R2": 0.6084650448202686,
        "mse": 0.3444209543882848,
        "mae": 0.45285866892374965
    },
    "metrics_test": {
        "R2": 0.6064065118895012,
        "mse": 0.3895273364191408,
        "mae": 0.48736843225871157
    },
    "model_params": {
        "alpha": 0.00029680586086656025
    }
}
