{
    "metrics_train": {
        "R2": 0.8088430138291036,
        "mse": 0.21674361059469546,
        "mae": 0.36418457744933685
    },
    "metrics_test": {
        "R2": 0.6633562779377096,
        "mse": 0.42124000219415375,
        "mae": 0.5101241961891548
    }
}
