{
    "metrics_train": {
        "R2": 0.848530284284629,
        "mse": 0.1316358190643687,
        "mae": 0.2803340102468261
    },
    "metrics_test": {
        "R2": 0.8769353470524197,
        "mse": 0.12439271187277541,
        "mae": 0.27029558077861965
    }
}
