{
    "metrics_train": {
        "R2": 0.8435735155913267,
        "mse": 0.1359435336710401,
        "mae": 0.28200454088989363
    },
    "metrics_test": {
        "R2": 0.8725051664823285,
        "mse": 0.12887070097850553,
        "mae": 0.2729884445021873
    }
}
