{
    "metrics_train": {
        "R2": 0.8473380043206062,
        "mse": 0.13267197833143354,
        "mae": 0.27818452166644675
    },
    "metrics_test": {
        "R2": 0.8770097314100297,
        "mse": 0.12431752479230676,
        "mae": 0.2671813784023116
    }
}
