{
    "metrics_train": {
        "R2": 0.7915152561359327,
        "mse": 0.18123417057571203,
        "mae": 0.33276205081140536
    },
    "metrics_test": {
        "R2": 0.7874361268284433,
        "mse": 0.20362378786660776,
        "mae": 0.34956896892423006
    }
}
