{
    "metrics_train": {
        "R2": 0.7936345528826416,
        "mse": 0.17939188235368253,
        "mae": 0.32959382477059895
    },
    "metrics_test": {
        "R2": 0.7906098617561466,
        "mse": 0.20058353498627984,
        "mae": 0.3440806557673486
    }
}
