{
    "metrics_train": {
        "R2": 0.7995521964065865,
        "mse": 0.1742477207428736,
        "mae": 0.3253870264632666
    },
    "metrics_test": {
        "R2": 0.7928665972631911,
        "mse": 0.1984217140460554,
        "mae": 0.34332046058074933
    }
}
