{
    "metrics_train": {
        "R2": 0.5892232331328993,
        "mse": 0.29362970067596983,
        "mae": 0.4251818837334327
    },
    "metrics_test": {
        "R2": 0.5899761109779125,
        "mse": 0.33472426296914226,
        "mae": 0.4532135508193375
    },
    "model_params": {
        "alpha": 0.00018040819287193827
    }
}
