{
    "metrics_train": {
        "R2": 0.578197310536529,
        "mse": 0.301511203752058,
        "mae": 0.4310776071492843
    },
    "metrics_test": {
        "R2": 0.5786033832459765,
        "mse": 0.34400842423374595,
        "mae": 0.45987204941710136
    },
    "model_params": {
        "alpha": 0.0005066461008921268
    }
}
