{
    "metrics_train": {
        "R2": 0.5908709150259688,
        "mse": 0.29245191171589524,
        "mae": 0.4242682147965569
    },
    "metrics_test": {
        "R2": 0.5918325033568527,
        "mse": 0.33320879134063724,
        "mae": 0.45213524212041245
    },
    "model_params": {
        "alpha": 0.0001
    }
}
