{
    "metrics_train": {
        "R2": 0.7335450793063794,
        "mse": 0.631365559887325,
        "mae": 0.5900267766411488
    },
    "metrics_test": {
        "R2": 0.6402875918697806,
        "mse": 0.7504776118703217,
        "mae": 0.6423428816139071
    },
    "model_params": {
        "alpha": 0.00014459729217920195
    }
}
