{
    "metrics_train": {
        "R2": 0.7317123278132612,
        "mse": 0.635708268851283,
        "mae": 0.5916403636807258
    },
    "metrics_test": {
        "R2": 0.6404717029191034,
        "mse": 0.7500934960669974,
        "mae": 0.6421700815369699
    },
    "model_params": {
        "alpha": 0.00031952475057592136
    }
}
