{
    "metrics_train": {
        "R2": 0.7326079220941462,
        "mse": 0.6335861561009879,
        "mae": 0.590799949120702
    },
    "metrics_test": {
        "R2": 0.6405537761993509,
        "mse": 0.749922264388672,
        "mae": 0.6420921826496484
    },
    "model_params": {
        "alpha": 0.00024682684522556923
    }
}
