{
    "metrics_train": {
        "R2": 0.6386348682686258,
        "mse": 0.3907985781450099,
        "mae": 0.49322231257818794
    },
    "metrics_test": {
        "R2": 0.648889719813811,
        "mse": 0.4151801037208455,
        "mae": 0.5106914767228853
    },
    "model_params": {
        "alpha": 0.00036354699612933176
    }
}
