{
    "metrics_train": {
        "R2": 0.6438135459594294,
        "mse": 0.3851980934813657,
        "mae": 0.4890919489281411
    },
    "metrics_test": {
        "R2": 0.6541279812193599,
        "mse": 0.40898597601681086,
        "mae": 0.505734690267283
    },
    "model_params": {
        "alpha": 0.00010965792912678099
    }
}
