{
    "metrics_train": {
        "R2": 0.642420727687278,
        "mse": 0.3867043577901641,
        "mae": 0.4902699072357506
    },
    "metrics_test": {
        "R2": 0.6526727478920602,
        "mse": 0.41070675708720816,
        "mae": 0.5071591154572458
    },
    "model_params": {
        "alpha": 0.00019783188827841644
    }
}
