{
    "metrics_train": {
        "R2": 0.9385689576937176,
        "mse": 0.05403895090410098,
        "mae": 0.17513936845954664
    },
    "metrics_test": {
        "R2": 0.6747698746831683,
        "mse": 0.321870224647524,
        "mae": 0.43808087204954754
    }
}
