{
    "metrics_train": {
        "R2": 0.5352580051418545,
        "mse": 0.4981623589992523,
        "mae": 0.539525032043457
    },
    "metrics_test": {
        "R2": 0.38760295385224286,
        "mse": 0.5711901187896729,
        "mae": 0.5960030555725098
    },
    "model_params": {
        "likelihood.noise": 0.3334544599056244,
        "covar_module.base_kernel.outputscale": 0.746249794960022,
        "mean_module.constant": -7.032393455505371
    }
}
