{
    "metrics_train": {
        "R2": 0.9534623779328181,
        "mse": 0.06151334914216972,
        "mae": 0.1879340345998417
    },
    "metrics_test": {
        "R2": 0.722671924584769,
        "mse": 0.4364773244970695,
        "mae": 0.5130321870036213
    }
}
