{
    "metrics_train": {
        "R2": 0.7308312802048291,
        "mse": 0.23134119407060294,
        "mae": 0.37178085612312883
    },
    "metrics_test": {
        "R2": 0.4973054544690093,
        "mse": 0.39137591700240276,
        "mae": 0.48044222583955704
    }
}
