{
    "metrics_train": {
        "R2": 0.820424066024652,
        "mse": 0.1605672277003147,
        "mae": 0.29793673199821846
    },
    "metrics_test": {
        "R2": 0.8548231403477953,
        "mse": 0.15553488981239172,
        "mae": 0.2855619180380619
    }
}
