{
    "metrics_train": {
        "R2": 0.8172234414975865,
        "mse": 0.16342905554018036,
        "mae": 0.3021150900206359
    },
    "metrics_test": {
        "R2": 0.849206816793861,
        "mse": 0.16155192494598394,
        "mae": 0.29155255057666346
    }
}
