{
    "metrics_train": {
        "R2": 0.8191510357357783,
        "mse": 0.1617055035245743,
        "mae": 0.29912844538266287
    },
    "metrics_test": {
        "R2": 0.8544358612471401,
        "mse": 0.15594980037314732,
        "mae": 0.2857658096345952
    }
}
