{
    "metrics_train": {
        "R2": 0.9789970494617173,
        "mse": 0.0180898979306221,
        "mae": 0.1042611226439476
    },
    "metrics_test": {
        "R2": 0.6936847627783507,
        "mse": 0.3096208870410919,
        "mae": 0.4340256154537201
    },
    "model_params": {
        "likelihood.noise": 0.0661303699016571,
        "covar_module.outputscale": 0.5359581708908081,
        "mean_module.constant": -7.364022254943848
    }
}
