{
    "metrics_train": {
        "R2": 0.9853107837134372,
        "mse": 0.01284590270370245,
        "mae": 0.0883203074336052
    },
    "metrics_test": {
        "R2": 0.6893325919286682,
        "mse": 0.3140200078487396,
        "mae": 0.4364483058452606
    },
    "model_params": {
        "likelihood.noise": 0.0553453229367733,
        "covar_module.outputscale": 0.5695340633392334,
        "mean_module.constant": -7.441092014312744
    }
}
