{
    "metrics_train": {
        "R2": 0.9818054496882427,
        "mse": 0.015495560131967068,
        "mae": 0.09627987444400787
    },
    "metrics_test": {
        "R2": 0.6931250561117137,
        "mse": 0.31018659472465515,
        "mae": 0.43336981534957886
    },
    "model_params": {
        "likelihood.noise": 0.0611724853515625,
        "covar_module.outputscale": 0.5559165477752686,
        "mean_module.constant": -7.463489532470703
    }
}
