{
    "metrics_train": {
        "R2": 0.489684742513791,
        "mse": 0.4430466267007297,
        "mae": 0.5243097763294136
    },
    "metrics_test": {
        "R2": 0.4993164969990054,
        "mse": 0.4383833535136957,
        "mae": 0.5215701552869404
    },
    "model_params": {
        "alpha": 375.4694224073337
    }
}
