{
    "metrics_train": {
        "R2": 0.4901793006166375,
        "mse": 0.4426172601553261,
        "mae": 0.5239151503544316
    },
    "metrics_test": {
        "R2": 0.4991945212838932,
        "mse": 0.43849015176592016,
        "mae": 0.5214906232817823
    },
    "model_params": {
        "alpha": 186.324631193156
    }
}
