{
    "metrics_train": {
        "R2": 0.48961513541656665,
        "mse": 0.44310705834404684,
        "mae": 0.5243600836071051
    },
    "metrics_test": {
        "R2": 0.4993101064758426,
        "mse": 0.4383889488627696,
        "mae": 0.5215872224115361
    },
    "model_params": {
        "alpha": 396.82461045694777
    }
}
