{
    "metrics_train": {
        "R2": 0.9786533407588895,
        "mse": 0.022307289764285088,
        "mae": 0.11670807003974915
    },
    "metrics_test": {
        "R2": 0.6375414757591406,
        "mse": 0.4273287355899811,
        "mae": 0.5092724561691284
    },
    "model_params": {
        "likelihood.noise": 0.08987335115671158,
        "covar_module.outputscale": 0.8442844152450562,
        "mean_module.constant": -6.941783905029297
    }
}
