{
    "metrics_train": {
        "R2": 0.9828209262135392,
        "mse": 0.018545810133218765,
        "mae": 0.10634217411279678
    },
    "metrics_test": {
        "R2": 0.6384911641286115,
        "mse": 0.42620906233787537,
        "mae": 0.5078759789466858
    },
    "model_params": {
        "likelihood.noise": 0.08160369843244553,
        "covar_module.outputscale": 0.8609040975570679,
        "mean_module.constant": -6.92535400390625
    }
}
