{
    "metrics_train": {
        "R2": 0.9760542629014075,
        "mse": 0.026034506037831306,
        "mae": 0.1252249926328659
    },
    "metrics_test": {
        "R2": 0.6337140114542721,
        "mse": 0.4318412244319916,
        "mae": 0.5106916427612305
    },
    "model_params": {
        "likelihood.noise": 0.0982244461774826,
        "covar_module.outputscale": 0.8379358053207397,
        "mean_module.constant": -6.820096969604492
    }
}
