{
    "metrics_train": {
        "R2": 0.7098162387510858,
        "mse": 0.3290252551523776,
        "mae": 0.4435886894616866
    },
    "metrics_test": {
        "R2": 0.7523860974734744,
        "mse": 0.30983759389482013,
        "mae": 0.42836819931099346
    }
}
