{
    "metrics_train": {
        "R2": 0.7242272668076697,
        "mse": 0.31268529125185346,
        "mae": 0.43007290519751973
    },
    "metrics_test": {
        "R2": 0.7677867508574909,
        "mse": 0.29056686095041023,
        "mae": 0.4127257417358824
    }
}
