{
    "metrics_train": {
        "R2": 0.7479598033879811,
        "mse": 0.28577612214417203,
        "mae": 0.4113610304140079
    },
    "metrics_test": {
        "R2": 0.779215857283261,
        "mse": 0.2762656977313979,
        "mae": 0.4033966254886278
    }
}
