{
    "metrics_train": {
        "R2": 0.7323377111326206,
        "mse": 0.23267672955989838,
        "mae": 0.3725338578224182
    },
    "metrics_test": {
        "R2": 0.678039364075559,
        "mse": 0.30841949582099915,
        "mae": 0.43125054240226746
    },
    "model_params": {
        "likelihood.noise": 0.07874799519777298,
        "covar_module.base_kernel.outputscale": 0.6522188186645508,
        "mean_module.constant": -6.712539196014404
    }
}
