{
    "metrics_train": {
        "R2": 0.7411821395035705,
        "mse": 0.2314211130142212,
        "mae": 0.3606976866722107
    },
    "metrics_test": {
        "R2": 0.7085726182400707,
        "mse": 0.31222003698349,
        "mae": 0.422262966632843
    },
    "model_params": {
        "likelihood.noise": 0.054785314947366714,
        "covar_module.base_kernel.outputscale": 0.6927666068077087,
        "mean_module.constant": -7.352700233459473
    }
}
