{
    "metrics_train": {
        "R2": 0.887693911002937,
        "mse": 0.14844599608667233,
        "mae": 0.29308780967642406
    },
    "metrics_test": {
        "R2": 0.9100200927156482,
        "mse": 0.14161634782617924,
        "mae": 0.28235340620768085
    }
}
