{
    "metrics_train": {
        "R2": 0.8846496646183319,
        "mse": 0.15246987574388116,
        "mae": 0.29644793744211567
    },
    "metrics_test": {
        "R2": 0.9073694515556234,
        "mse": 0.14578810274135395,
        "mae": 0.28577524146694205
    }
}
