{
    "metrics_train": {
        "R2": 0.8922513493873286,
        "mse": 0.14242198183583027,
        "mae": 0.2850673128839115
    },
    "metrics_test": {
        "R2": 0.9112118514046885,
        "mse": 0.1397406789338048,
        "mae": 0.27749714014072036
    }
}
