{
    "metrics_train": {
        "R2": 0.9811988638652644,
        "mse": 0.018150510266423225,
        "mae": 0.1038401648402214
    },
    "metrics_test": {
        "R2": 0.6426364550920654,
        "mse": 0.37882405519485474,
        "mae": 0.4754260182380676
    },
    "model_params": {
        "likelihood.noise": 0.07655056565999985,
        "covar_module.outputscale": 0.7707165479660034,
        "mean_module.constant": -7.591425895690918
    }
}
