{
    "metrics_train": {
        "R2": 0.9793721039617941,
        "mse": 0.019526595249772072,
        "mae": 0.10791821032762527
    },
    "metrics_test": {
        "R2": 0.6361878214140162,
        "mse": 0.38565999269485474,
        "mae": 0.4788842797279358
    },
    "model_params": {
        "likelihood.noise": 0.0788218155503273,
        "covar_module.outputscale": 0.7391176819801331,
        "mean_module.constant": -7.525513172149658
    }
}
