{
    "metrics_train": {
        "R2": 0.9764325369908877,
        "mse": 0.022071469575166702,
        "mae": 0.11453304439783096
    },
    "metrics_test": {
        "R2": 0.6358672874765592,
        "mse": 0.38599979877471924,
        "mae": 0.4784778356552124
    },
    "model_params": {
        "likelihood.noise": 0.08425775915384293,
        "covar_module.outputscale": 0.7300348877906799,
        "mean_module.constant": -7.510085105895996
    }
}
