{
    "metrics_train": {
        "R2": 0.6968325304631158,
        "mse": 0.25703363591865286,
        "mae": 0.39563081191772925
    },
    "metrics_test": {
        "R2": 0.6695837441069715,
        "mse": 0.32704220374200976,
        "mae": 0.44483721256879716
    },
    "model_params": {
        "alpha": 121.92312516491094
    }
}
