{
    "metrics_train": {
        "R2": 0.6969218253176968,
        "mse": 0.25695792930944167,
        "mae": 0.39556241053606694
    },
    "metrics_test": {
        "R2": 0.6699945871686952,
        "mse": 0.3266355560123601,
        "mae": 0.44453491227595054
    },
    "model_params": {
        "alpha": 49.396217438783154
    }
}
