{
    "metrics_train": {
        "R2": 0.6969377864046625,
        "mse": 0.2569443970652919,
        "mae": 0.3955483253676236
    },
    "metrics_test": {
        "R2": 0.6701459714367023,
        "mse": 0.3264857176078086,
        "mae": 0.4444252061911551
    },
    "model_params": {
        "alpha": 19.287915080207778
    }
}
