{
    "metrics_train": {
        "R2": 0.8708267170467914,
        "mse": 0.13034241872409988,
        "mae": 0.2710913145377489
    },
    "metrics_test": {
        "R2": 0.39819093435516073,
        "mse": 0.6156685516478066,
        "mae": 0.6100539675637038
    }
}
