{
    "metrics_train": {
        "R2": 0.9730813622397835,
        "mse": 0.04314511641860008,
        "mae": 0.14958669245243073
    },
    "metrics_test": {
        "R2": 0.43602891865824767,
        "mse": 0.7540311217308044,
        "mae": 0.6572770476341248
    },
    "model_params": {
        "likelihood.noise": 0.19118712842464447,
        "covar_module.outputscale": 2.0500247478485107,
        "mean_module.constant": -6.9965620040893555
    }
}
