{
    "metrics_train": {
        "R2": 0.9817905528995845,
        "mse": 0.027882574126124382,
        "mae": 0.12142981588840485
    },
    "metrics_test": {
        "R2": 0.43636801431214256,
        "mse": 0.7535778284072876,
        "mae": 0.6560497879981995
    },
    "model_params": {
        "likelihood.noise": 0.14726494252681732,
        "covar_module.outputscale": 1.9852020740509033,
        "mean_module.constant": -7.074309825897217
    }
}
