{
    "metrics_train": {
        "R2": 0.9817675997461076,
        "mse": 0.026775984093546867,
        "mae": 0.12022891640663147
    },
    "metrics_test": {
        "R2": 0.4431845423316628,
        "mse": 0.7444640398025513,
        "mae": 0.651768147945404
    },
    "model_params": {
        "likelihood.noise": 0.14116349816322327,
        "covar_module.outputscale": 1.9148249626159668,
        "mean_module.constant": -7.3001708984375
    }
}
