{
    "metrics_train": {
        "R2": 0.9742099387477768,
        "mse": 0.031024806201457977,
        "mae": 0.1362142711877823
    },
    "metrics_test": {
        "R2": 0.6624473761833918,
        "mse": 0.47203686833381653,
        "mae": 0.5362637639045715
    },
    "model_params": {
        "likelihood.noise": 0.11067862063646317,
        "covar_module.outputscale": 0.8641638159751892,
        "mean_module.constant": -7.896543025970459
    }
}
