{
    "metrics_train": {
        "R2": 0.9763398287278697,
        "mse": 0.02815905213356018,
        "mae": 0.13070513308048248
    },
    "metrics_test": {
        "R2": 0.6698686817719999,
        "mse": 0.4616588056087494,
        "mae": 0.5294615626335144
    },
    "model_params": {
        "likelihood.noise": 0.10326551645994186,
        "covar_module.outputscale": 0.8457821607589722,
        "mean_module.constant": -7.819040298461914
    }
}
