{
    "metrics_train": {
        "R2": 0.9720654584911956,
        "mse": 0.03422641381621361,
        "mae": 0.1423894613981247
    },
    "metrics_test": {
        "R2": 0.6691098701783158,
        "mse": 0.4627199172973633,
        "mae": 0.5294829607009888
    },
    "model_params": {
        "likelihood.noise": 0.1163603663444519,
        "covar_module.outputscale": 0.8453869819641113,
        "mean_module.constant": -7.699835777282715
    }
}
