{
    "metrics_train": {
        "R2": 0.9952655621626069,
        "mse": 0.00019635613596108664,
        "mae": 0.00875992162598873
    },
    "metrics_test": {
        "R2": 0.9819171116626807,
        "mse": 0.000609841738601745,
        "mae": 0.014090661463506656
    }
}
