{
    "metrics_train": {
        "R2": 0.9948562957089141,
        "mse": 0.00021333005814270627,
        "mae": 0.009881037440018618
    },
    "metrics_test": {
        "R2": 0.9823185579273425,
        "mse": 0.0005963030448140243,
        "mae": 0.01422699542247152
    }
}
