{
    "metrics_train": {
        "R2": 0.9946231104233754,
        "mse": 0.0002230011876841534,
        "mae": 0.009835635878152872
    },
    "metrics_test": {
        "R2": 0.9795658294012212,
        "mse": 0.0006891382555919343,
        "mae": 0.015311785178047708
    }
}
