{
    "metrics_train": {
        "R2": 0.5713946293803793,
        "mse": 0.46454018966677146,
        "mae": 0.535835424629893
    },
    "metrics_test": {
        "R2": 0.5791016738811982,
        "mse": 0.49622765940154157,
        "mae": 0.5527329683483178
    },
    "model_params": {
        "alpha": 0.0015317404637020797
    }
}
