{
    "metrics_train": {
        "R2": 0.6059176174674703,
        "mse": 0.4271227503783736,
        "mae": 0.5125460488525739
    },
    "metrics_test": {
        "R2": 0.6038258968391843,
        "mse": 0.4670784741289436,
        "mae": 0.534449591112701
    },
    "model_params": {
        "alpha": 0.00023354381399064793
    }
}
