{
    "metrics_train": {
        "R2": 0.5967498581760945,
        "mse": 0.4370591462613236,
        "mae": 0.5187809206520473
    },
    "metrics_test": {
        "R2": 0.5986865035281196,
        "mse": 0.473137678823366,
        "mae": 0.5385687910498635
    },
    "model_params": {
        "alpha": 0.0005981040962380944
    }
}
