{
    "metrics_train": {
        "R2": 0.5944351992110386,
        "mse": 0.35255433526404667,
        "mae": 0.46582403889313795
    },
    "metrics_test": {
        "R2": 0.5897610534649687,
        "mse": 0.3929849742456033,
        "mae": 0.49203123793680115
    },
    "model_params": {
        "alpha": 0.0007060717714137773
    }
}
