{
    "metrics_train": {
        "R2": 0.6097425518822396,
        "mse": 0.33924777232971604,
        "mae": 0.4564787560078022
    },
    "metrics_test": {
        "R2": 0.5996025241686658,
        "mse": 0.3835574195395046,
        "mae": 0.48575314596344754
    },
    "model_params": {
        "alpha": 0.000209083769055575
    }
}
