{
    "metrics_train": {
        "R2": 0.6102617608676303,
        "mse": 0.3387964279863424,
        "mae": 0.45613958702153273
    },
    "metrics_test": {
        "R2": 0.5998054922128269,
        "mse": 0.3833629879959346,
        "mae": 0.48561069207017754
    },
    "model_params": {
        "alpha": 0.00018376562003881704
    }
}
