{
    "metrics_train": {
        "R2": 0.8111737345823498,
        "mse": 0.1661045117130563,
        "mae": 0.3049333617392745
    },
    "metrics_test": {
        "R2": 0.8404167099649839,
        "mse": 0.15793466046087493,
        "mae": 0.29337274685686016
    }
}
