{
    "metrics_train": {
        "R2": 0.8062020382731685,
        "mse": 0.17047795619121503,
        "mae": 0.3085094976226911
    },
    "metrics_test": {
        "R2": 0.836778311270581,
        "mse": 0.16153547143736072,
        "mae": 0.29469503835027605
    }
}
