{
    "metrics_train": {
        "R2": 0.8105459203933427,
        "mse": 0.16665678005920453,
        "mae": 0.30411788395903944
    },
    "metrics_test": {
        "R2": 0.8394084293301383,
        "mse": 0.1589325247089342,
        "mae": 0.2920927726854513
    }
}
