{
    "metrics_train": {
        "R2": 0.7117492874585971,
        "mse": 0.4379816741787931,
        "mae": 0.45516425824766277
    },
    "metrics_test": {
        "R2": 0.7589895961356365,
        "mse": 0.3222316981870799,
        "mae": 0.3819750362953531
    }
}
