{
    "metrics_train": {
        "R2": 0.711282790857012,
        "mse": 0.4386904910304829,
        "mae": 0.4551877761759719
    },
    "metrics_test": {
        "R2": 0.7530261523042239,
        "mse": 0.3302048420930203,
        "mae": 0.38676723196611973
    }
}
