{
    "metrics_train": {
        "R2": 0.7083669776618913,
        "mse": 0.4431209145792473,
        "mae": 0.47001570991020697
    },
    "metrics_test": {
        "R2": 0.7461763493494933,
        "mse": 0.3393630510456592,
        "mae": 0.40099053887550723
    }
}
