{
    "metrics_train": {
        "R2": 0.733691391843168,
        "mse": 0.6310188719880451,
        "mae": 0.5895974439152325
    },
    "metrics_test": {
        "R2": 0.6403441258601732,
        "mse": 0.750359663495063,
        "mae": 0.6420904855807155
    },
    "model_params": {
        "alpha": 219.95930680300748
    }
}
