{
    "metrics_train": {
        "R2": 0.7340116026295551,
        "mse": 0.6302601317782456,
        "mae": 0.5896749799890229
    },
    "metrics_test": {
        "R2": 0.6397229389327561,
        "mse": 0.7516556623854996,
        "mae": 0.642810765556494
    },
    "model_params": {
        "alpha": 90.77326525210223
    }
}
