{
    "metrics_train": {
        "R2": 0.734003263558349,
        "mse": 0.630279891227038,
        "mae": 0.5896656936169425
    },
    "metrics_test": {
        "R2": 0.6397554409355622,
        "mse": 0.751587852588296,
        "mae": 0.642773412564952
    },
    "model_params": {
        "alpha": 95.93608287093147
    }
}
