{
    "metrics_train": {
        "R2": 0.9488245730431718,
        "mse": 0.04338792048004567,
        "mae": 0.1579610675756927
    },
    "metrics_test": {
        "R2": 0.7064326953153017,
        "mse": 0.2905695363298602,
        "mae": 0.41763656771722646
    }
}
