{
    "metrics_train": {
        "R2": 0.7438936309305356,
        "mse": 0.30968648195266724,
        "mae": 0.4269810914993286
    },
    "metrics_test": {
        "R2": 0.7128205603916193,
        "mse": 0.40159448981285095,
        "mae": 0.4883815050125122
    },
    "model_params": {
        "likelihood.noise": 0.1055200845003128,
        "covar_module.base_kernel.outputscale": 0.8614820837974548,
        "mean_module.constant": -7.826904296875
    }
}
