{
    "metrics_train": {
        "R2": 0.7446550655455071,
        "mse": 0.3087657392024994,
        "mae": 0.42619532346725464
    },
    "metrics_test": {
        "R2": 0.713794915783789,
        "mse": 0.4002319872379303,
        "mae": 0.4878295361995697
    },
    "model_params": {
        "likelihood.noise": 0.11073116958141327,
        "covar_module.base_kernel.outputscale": 0.8218934535980225,
        "mean_module.constant": -7.7852888107299805
    }
}
