{
    "metrics_train": {
        "R2": 0.6080275103969968,
        "mse": 0.4248359613438782,
        "mae": 0.5110915932739563
    },
    "metrics_test": {
        "R2": 0.6043972885616038,
        "mse": 0.46640481885539514,
        "mae": 0.5338922136327788
    },
    "model_params": {
        "alpha": 300.93900344497183
    }
}
