{
    "metrics_train": {
        "R2": 0.6080118951872144,
        "mse": 0.42485288575269625,
        "mae": 0.511103349036533
    },
    "metrics_test": {
        "R2": 0.6044020199193684,
        "mse": 0.46639924071349337,
        "mae": 0.5338932282395203
    },
    "model_params": {
        "alpha": 306.539529505653
    }
}
