{
    "metrics_train": {
        "R2": 0.6081241250748022,
        "mse": 0.4247312463686846,
        "mae": 0.5110181473578569
    },
    "metrics_test": {
        "R2": 0.6043583894512506,
        "mse": 0.46645067984672134,
        "mae": 0.5338915247878065
    },
    "model_params": {
        "alpha": 264.498018242772
    }
}
