{
    "metrics_train": {
        "R2": 0.6664240069465928,
        "mse": 0.259516014939745,
        "mae": 0.3991947211120881
    },
    "metrics_test": {
        "R2": 0.6827362659500538,
        "mse": 0.2857203257814548,
        "mae": 0.41433853205829985
    }
}
