{
    "metrics_train": {
        "R2": 0.6922191857785915,
        "mse": 0.23944783810884646,
        "mae": 0.3782261172303836
    },
    "metrics_test": {
        "R2": 0.7303509566507632,
        "mse": 0.2428396448875957,
        "mae": 0.3772711188839787
    }
}
