{
    "metrics_train": {
        "R2": 0.6269483519517332,
        "mse": 0.29022735174077796,
        "mae": 0.4264943027544179
    },
    "metrics_test": {
        "R2": 0.6404143539154672,
        "mse": 0.32383445354467555,
        "mae": 0.4511885575195889
    }
}
