{
    "metrics_train": {
        "R2": 0.7956609213765644,
        "mse": 0.252020204715416,
        "mae": 0.3723500704514262
    },
    "metrics_test": {
        "R2": 0.8291524471131195,
        "mse": 0.2172077386471527,
        "mae": 0.33412471518699643
    }
}
