{
    "metrics_train": {
        "R2": 0.7952789541130549,
        "mse": 0.2524913014267877,
        "mae": 0.3722410553127814
    },
    "metrics_test": {
        "R2": 0.8276054697526054,
        "mse": 0.21917449467343358,
        "mae": 0.3341405283414129
    }
}
