{
    "metrics_train": {
        "R2": 0.7747936968205327,
        "mse": 0.2777566533667534,
        "mae": 0.3952881847326768
    },
    "metrics_test": {
        "R2": 0.8107726117351838,
        "mse": 0.2405750179068776,
        "mae": 0.3609329329446732
    }
}
