{
    "metrics_train": {
        "R2": 0.8343049671612159,
        "mse": 0.2003601611674492,
        "mae": 0.3490337206602962
    },
    "metrics_test": {
        "R2": 0.6858527581557528,
        "mse": 0.43930653558302696,
        "mae": 0.5191288908445295
    }
}
