{
    "metrics_train": {
        "R2": 0.6309315849295785,
        "mse": 0.36968596496334694,
        "mae": 0.47814546552136367
    },
    "metrics_test": {
        "R2": 0.6411045529906152,
        "mse": 0.40293300208108995,
        "mae": 0.5014197807036291
    },
    "model_params": {
        "alpha": 126.50337203959037
    }
}
