{
    "metrics_train": {
        "R2": 0.6309387303493634,
        "mse": 0.36967880758736893,
        "mae": 0.47813575249179247
    },
    "metrics_test": {
        "R2": 0.6411148224016423,
        "mse": 0.40292147258232036,
        "mae": 0.5014048568208951
    },
    "model_params": {
        "alpha": 121.92312516491094
    }
}
