{
    "metrics_train": {
        "R2": 0.6308531916900595,
        "mse": 0.3697644893756639,
        "mae": 0.4782438849888128
    },
    "metrics_test": {
        "R2": 0.6409954172163241,
        "mse": 0.4030555291444338,
        "mae": 0.5015681717097211
    },
    "model_params": {
        "alpha": 169.9144172034626
    }
}
