{
    "metrics_train": {
        "R2": 0.7344475699302135,
        "mse": 0.25313687324523926,
        "mae": 0.3836311995983124
    },
    "metrics_test": {
        "R2": 0.6854902913176035,
        "mse": 0.3333967626094818,
        "mae": 0.4410315155982971
    },
    "model_params": {
        "likelihood.noise": 0.07921063154935837,
        "covar_module.base_kernel.outputscale": 0.7385848760604858,
        "mean_module.constant": -7.569476127624512
    }
}
