{
    "metrics_train": {
        "R2": 0.7720899593692843,
        "mse": 0.25841611173406287,
        "mae": 0.3887419344172921
    },
    "metrics_test": {
        "R2": 0.8107460460397045,
        "mse": 0.2368121867626453,
        "mae": 0.37029605921920417
    }
}
