{
    "metrics_train": {
        "R2": 0.745524475789078,
        "mse": 0.28853742167781965,
        "mae": 0.41407941423954975
    },
    "metrics_test": {
        "R2": 0.7916030056204073,
        "mse": 0.26076574317780227,
        "mae": 0.38915255520151776
    }
}
