{
    "metrics_train": {
        "R2": 0.7700839079564162,
        "mse": 0.2606906758762014,
        "mae": 0.3912458642572208
    },
    "metrics_test": {
        "R2": 0.8092801301143684,
        "mse": 0.23864647740030265,
        "mae": 0.371376811903983
    }
}
