{
    "metrics_train": {
        "R2": 0.9999472913691236,
        "mse": 0.00012489322455557728,
        "mae": 0.009110136420701234
    },
    "metrics_test": {
        "R2": 0.9996475571296426,
        "mse": 0.0007353109809067682,
        "mae": 0.010158454245793367
    }
}
