{
    "metrics_train": {
        "R2": 0.9999856726846305,
        "mse": 3.394860739084343e-05,
        "mae": 0.003300747009672421
    },
    "metrics_test": {
        "R2": 0.9996872229717011,
        "mse": 0.0006525550743877745,
        "mae": 0.004433974926503916
    }
}
