{
    "metrics_train": {
        "R2": 0.9999430848683302,
        "mse": 0.0001348605380574641,
        "mae": 0.009367749143340829
    },
    "metrics_test": {
        "R2": 0.9996910276001495,
        "mse": 0.000644617376361773,
        "mae": 0.010606775639350488
    }
}
