{
    "metrics_train": {
        "R2": 0.7759740091940769,
        "mse": 0.1601373055386623,
        "mae": 0.3091264880568215
    },
    "metrics_test": {
        "R2": 0.8111263819735947,
        "mse": 0.15418755902000192,
        "mae": 0.3008705402414004
    }
}
