{
    "metrics_train": {
        "R2": 0.7860122308610102,
        "mse": 0.15296182663838093,
        "mae": 0.3025130785922554
    },
    "metrics_test": {
        "R2": 0.8200117755144887,
        "mse": 0.14693394067288584,
        "mae": 0.2935060637343077
    }
}
