{
    "metrics_train": {
        "R2": 0.7728995997215211,
        "mse": 0.16233494183651545,
        "mae": 0.31323348628341646
    },
    "metrics_test": {
        "R2": 0.8110460332296082,
        "mse": 0.1542531519642948,
        "mae": 0.3034747228418848
    }
}
