{
    "metrics_train": {
        "R2": 0.6302711334717578,
        "mse": 0.44708000002591103,
        "mae": 0.5223474038779216
    },
    "metrics_test": {
        "R2": 0.6282325326247515,
        "mse": 0.5198832151964894,
        "mae": 0.5671994788238707
    },
    "model_params": {
        "alpha": 0.0001393619274224142
    }
}
