{
    "metrics_train": {
        "R2": 0.6286038078025431,
        "mse": 0.44909614760788186,
        "mae": 0.5238035662149597
    },
    "metrics_test": {
        "R2": 0.6260469714927607,
        "mse": 0.5229395249815546,
        "mae": 0.5693419764442701
    },
    "model_params": {
        "alpha": 0.00023789010410788934
    }
}
