{
    "metrics_train": {
        "R2": 0.630083835080411,
        "mse": 0.44730648319341293,
        "mae": 0.5225171769181608
    },
    "metrics_test": {
        "R2": 0.6279693195885964,
        "mse": 0.5202512948471486,
        "mae": 0.5674657610916539
    },
    "model_params": {
        "alpha": 0.00015282140360258693
    }
}
