{
    "metrics_train": {
        "R2": 0.7097555690298116,
        "mse": 0.2519850507575504,
        "mae": 0.381181895945739
    },
    "metrics_test": {
        "R2": 0.7307336921841885,
        "mse": 0.23576144670441035,
        "mae": 0.3631995792386463
    }
}
