{
    "metrics_train": {
        "R2": 0.7131036971258256,
        "mse": 0.24907826551658396,
        "mae": 0.3773231731320165
    },
    "metrics_test": {
        "R2": 0.7292778956146282,
        "mse": 0.23703609821254346,
        "mae": 0.36351680936882036
    }
}
