{
    "metrics_train": {
        "R2": 0.699946406517638,
        "mse": 0.26050119111985426,
        "mae": 0.3873870015636225
    },
    "metrics_test": {
        "R2": 0.7262481923456914,
        "mse": 0.23968881489129787,
        "mae": 0.3655811847875148
    }
}
