{
    "metrics_train": {
        "R2": 0.6596341766277856,
        "mse": 0.2961259979477744,
        "mae": 0.42501233361115803
    },
    "metrics_test": {
        "R2": 0.6504494993115708,
        "mse": 0.3608311735855608,
        "mae": 0.4708103579496413
    },
    "model_params": {
        "alpha": 0.0005764488282925873
    }
}
