{
    "metrics_train": {
        "R2": 0.6739670448165367,
        "mse": 0.2836560770438582,
        "mae": 0.4152301683516397
    },
    "metrics_test": {
        "R2": 0.6691387792977417,
        "mse": 0.3415387542710478,
        "mae": 0.4569052479425618
    },
    "model_params": {
        "alpha": 0.00013431611700460153
    }
}
