{
    "metrics_train": {
        "R2": 0.7524627112161335,
        "mse": 0.26769937661422377,
        "mae": 0.39980483211524737
    },
    "metrics_test": {
        "R2": 0.7717803226938738,
        "mse": 0.26986469676948677,
        "mae": 0.3972463102669382
    }
}
