{
    "metrics_train": {
        "R2": 0.7107478443356134,
        "mse": 0.31281194900411907,
        "mae": 0.44117066395774623
    },
    "metrics_test": {
        "R2": 0.7052116787159705,
        "mse": 0.34858063894197416,
        "mae": 0.46139962082046543
    }
}
