{
    "metrics_train": {
        "R2": 0.7525765462434688,
        "mse": 0.26757626964313175,
        "mae": 0.40807221231379975
    },
    "metrics_test": {
        "R2": 0.7526347893480199,
        "mse": 0.2925038644865566,
        "mae": 0.4208736297046696
    }
}
