{
    "metrics_train": {
        "R2": 0.7266422111036963,
        "mse": 0.24442196324254034,
        "mae": 0.3786988626230158
    },
    "metrics_test": {
        "R2": 0.7598457854592079,
        "mse": 0.25728865733883044,
        "mae": 0.3820169749688821
    }
}
