{
    "metrics_train": {
        "R2": 0.7284475970520403,
        "mse": 0.24280768336529082,
        "mae": 0.37359511427215775
    },
    "metrics_test": {
        "R2": 0.7658482681345544,
        "mse": 0.2508579115316309,
        "mae": 0.37324164443716207
    }
}
