{
    "metrics_train": {
        "R2": 0.7536656013489414,
        "mse": 0.22025908819193135,
        "mae": 0.3603963553657664
    },
    "metrics_test": {
        "R2": 0.7507290907931387,
        "mse": 0.2670558068951527,
        "mae": 0.3927596436131623
    }
}
