{
    "metrics_train": {
        "R2": 0.760650418302526,
        "mse": 0.2588447630405426,
        "mae": 0.3942660093307495
    },
    "metrics_test": {
        "R2": 0.7273383027809269,
        "mse": 0.32241636514663696,
        "mae": 0.4403417706489563
    },
    "model_params": {
        "likelihood.noise": 0.08809281885623932,
        "covar_module.base_kernel.outputscale": 0.7526903748512268,
        "mean_module.constant": -7.174036502838135
    }
}
