{
    "metrics_train": {
        "R2": 0.9291295601858036,
        "mse": 0.05065930624102068,
        "mae": 0.17064417761771944
    },
    "metrics_test": {
        "R2": 0.6546491435384527,
        "mse": 0.28192823391474736,
        "mae": 0.4152226992742515
    }
}
