{
    "metrics_train": {
        "R2": 0.940457159753442,
        "mse": 0.07972715850154775,
        "mae": 0.21182149354698587
    },
    "metrics_test": {
        "R2": 0.6606705988898183,
        "mse": 0.5362162287901154,
        "mae": 0.5584467570461189
    }
}
