{
    "metrics_train": {
        "R2": 0.32828338782353594,
        "mse": 1.020637776680248,
        "mae": 0.7598407363408215
    },
    "metrics_test": {
        "R2": 0.25739925629246385,
        "mse": 0.9928596230000758,
        "mae": 0.7729342815505704
    },
    "model_params": {
        "alpha": 0.00022097561147959031
    }
}
