{
    "metrics_train": {
        "R2": 0.32902764724432476,
        "mse": 1.0195069139522204,
        "mae": 0.7596001708842515
    },
    "metrics_test": {
        "R2": 0.25612064630893605,
        "mse": 0.9945691287297246,
        "mae": 0.7736556093834902
    },
    "model_params": {
        "alpha": 0.0001675807864530767
    }
}
