{
    "metrics_train": {
        "R2": 0.32794182473272027,
        "mse": 1.0211567636865042,
        "mae": 0.7599643675795007
    },
    "metrics_test": {
        "R2": 0.2578345674262107,
        "mse": 0.9922776105905786,
        "mae": 0.7726831830318592
    },
    "model_params": {
        "alpha": 0.00024231727942376007
    }
}
