{
    "metrics_train": {
        "R2": 0.7774815079740907,
        "mse": 0.19359613955020905,
        "mae": 0.3388932943344116
    },
    "metrics_test": {
        "R2": 0.7440358624662669,
        "mse": 0.2642245888710022,
        "mae": 0.3959784507751465
    },
    "model_params": {
        "likelihood.noise": 0.0638582780957222,
        "covar_module.base_kernel.outputscale": 0.5689538717269897,
        "mean_module.constant": -7.229206562042236
    }
}
