{
    "metrics_train": {
        "R2": 0.551574641190386,
        "mse": 0.34886671864771845,
        "mae": 0.4627751573489588
    },
    "metrics_test": {
        "R2": 0.5595608050044403,
        "mse": 0.3966492755873631,
        "mae": 0.4960871273903448
    },
    "model_params": {
        "alpha": 0.0008033501977124734
    }
}
