{
    "metrics_train": {
        "R2": 0.5729267279114192,
        "mse": 0.33225518612774124,
        "mae": 0.4507084670867983
    },
    "metrics_test": {
        "R2": 0.5812366347541066,
        "mse": 0.37712852842032946,
        "mae": 0.4822751479955328
    },
    "model_params": {
        "alpha": 0.00015002933220192182
    }
}
