{
    "metrics_train": {
        "R2": 0.5729834412882608,
        "mse": 0.33221106415895985,
        "mae": 0.4506752360827309
    },
    "metrics_test": {
        "R2": 0.5812944049580269,
        "mse": 0.37707650192088105,
        "mae": 0.4822340434658607
    },
    "model_params": {
        "alpha": 0.00014728827239075018
    }
}
