{
    "metrics_train": {
        "R2": 0.8417549681994587,
        "mse": 0.17113420193549406,
        "mae": 0.31945594744670025
    },
    "metrics_test": {
        "R2": 0.8557736913599361,
        "mse": 0.1705444048767326,
        "mae": 0.3173440517160137
    }
}
