{
    "metrics_train": {
        "R2": 0.8380524570011249,
        "mse": 0.17513828529833073,
        "mae": 0.3233590708943924
    },
    "metrics_test": {
        "R2": 0.8559524020457002,
        "mse": 0.17033308346224071,
        "mae": 0.3173539879930363
    }
}
