{
    "metrics_train": {
        "R2": 0.8381475956800174,
        "mse": 0.17503539750652952,
        "mae": 0.32342129979814804
    },
    "metrics_test": {
        "R2": 0.856969586027723,
        "mse": 0.16913028600801788,
        "mae": 0.3172297092977865
    }
}
