{
    "metrics_train": {
        "R2": 0.5911728932962051,
        "mse": 0.5474146581005063,
        "mae": 0.559563485825964
    },
    "metrics_test": {
        "R2": 0.5998859835017006,
        "mse": 0.6322694948060794,
        "mae": 0.6122745945335287
    },
    "model_params": {
        "alpha": 0.00019421746814890265
    }
}
