{
    "metrics_train": {
        "R2": 0.5921355010027882,
        "mse": 0.5461257377722222,
        "mae": 0.5589512440156115
    },
    "metrics_test": {
        "R2": 0.6005455579549567,
        "mse": 0.6312272198815543,
        "mae": 0.6115741429913573
    },
    "model_params": {
        "alpha": 0.00012248646137509307
    }
}
