{
    "metrics_train": {
        "R2": 0.5923619778371076,
        "mse": 0.5458224879710379,
        "mae": 0.5588186146284316
    },
    "metrics_test": {
        "R2": 0.6006899800800545,
        "mse": 0.6309990006732558,
        "mae": 0.6114138227293526
    },
    "model_params": {
        "alpha": 0.0001
    }
}
