{
    "metrics_train": {
        "R2": 0.8717516889595482,
        "mse": 0.10873241029952627,
        "mae": 0.2564633259924815
    },
    "metrics_test": {
        "R2": 0.8895175410886047,
        "mse": 0.10935426509074828,
        "mae": 0.25485403276274726
    }
}
