{
    "metrics_train": {
        "R2": 0.8702495636935589,
        "mse": 0.11000595300287869,
        "mae": 0.2573810016978378
    },
    "metrics_test": {
        "R2": 0.8903172694561433,
        "mse": 0.10856270316529783,
        "mae": 0.25271226565656346
    }
}
