{
    "metrics_train": {
        "R2": 0.8692499353350518,
        "mse": 0.11085346514508494,
        "mae": 0.2592572863401687
    },
    "metrics_test": {
        "R2": 0.8897021260915648,
        "mse": 0.10917156498120717,
        "mae": 0.25444743920500873
    }
}
