{
    "metrics_train": {
        "R2": 0.9658008055602835,
        "mse": 0.024801144376397133,
        "mae": 0.12268922477960587
    },
    "metrics_test": {
        "R2": 0.6410447823483463,
        "mse": 0.293034166097641,
        "mae": 0.42273738980293274
    },
    "model_params": {
        "likelihood.noise": 0.07861170172691345,
        "covar_module.outputscale": 0.5115589499473572,
        "mean_module.constant": -7.090972423553467
    }
}
