{
    "metrics_train": {
        "R2": 0.9731888474096003,
        "mse": 0.01915350742638111,
        "mae": 0.10766442865133286
    },
    "metrics_test": {
        "R2": 0.6407420154500747,
        "mse": 0.29328134655952454,
        "mae": 0.4223635196685791
    },
    "model_params": {
        "likelihood.noise": 0.06875157356262207,
        "covar_module.outputscale": 0.5428800582885742,
        "mean_module.constant": -6.96181583404541
    }
}
