{
    "metrics_train": {
        "R2": 0.9615514429799351,
        "mse": 0.027630683034658432,
        "mae": 0.12947872281074524
    },
    "metrics_test": {
        "R2": 0.6395380287404213,
        "mse": 0.2942642569541931,
        "mae": 0.42458027601242065
    },
    "model_params": {
        "likelihood.noise": 0.08449053019285202,
        "covar_module.outputscale": 0.5178072452545166,
        "mean_module.constant": -7.011213779449463
    }
}
