{
    "metrics_train": {
        "R2": 0.9386743768438061,
        "mse": 0.06646724134890516,
        "mae": 0.19519177380173625
    },
    "metrics_test": {
        "R2": 0.674447438965309,
        "mse": 0.3838175999987796,
        "mae": 0.47972592725062074
    }
}
