{
    "metrics_train": {
        "R2": 0.9431363807648669,
        "mse": 0.04345783591270447,
        "mae": 0.16275669634342194
    },
    "metrics_test": {
        "R2": 0.6153896595153825,
        "mse": 0.3463710844516754,
        "mae": 0.46006330847740173
    },
    "model_params": {
        "likelihood.noise": 0.11424921452999115,
        "covar_module.outputscale": 0.542765736579895,
        "mean_module.constant": -7.119443893432617
    }
}
