{
    "metrics_train": {
        "R2": 0.9434526903808952,
        "mse": 0.04405148699879646,
        "mae": 0.16394899785518646
    },
    "metrics_test": {
        "R2": 0.6169617069306854,
        "mse": 0.34495535492897034,
        "mae": 0.4580576419830322
    },
    "model_params": {
        "likelihood.noise": 0.11560720950365067,
        "covar_module.outputscale": 0.5454427003860474,
        "mean_module.constant": -7.088512897491455
    }
}
