{
    "metrics_train": {
        "R2": 0.9337057644449028,
        "mse": 0.05079004541039467,
        "mae": 0.17570456862449646
    },
    "metrics_test": {
        "R2": 0.6117546295814814,
        "mse": 0.3496447503566742,
        "mae": 0.4622371792793274
    },
    "model_params": {
        "likelihood.noise": 0.12385198473930359,
        "covar_module.outputscale": 0.5148636102676392,
        "mean_module.constant": -7.080780506134033
    }
}
