{
    "metrics_train": {
        "R2": 0.9735738750434783,
        "mse": 0.001095997447448714,
        "mae": 0.02439140802439963
    },
    "metrics_test": {
        "R2": 0.6604820357928674,
        "mse": 0.011450174425469969,
        "mae": 0.08185287823050309
    }
}
