{
    "metrics_train": {
        "R2": 0.4050349691160664,
        "mse": 0.6601986873201638,
        "mae": 0.6208585778471666
    },
    "metrics_test": {
        "R2": 0.4245769693062085,
        "mse": 0.675085472595328,
        "mae": 0.6412752652014118
    },
    "model_params": {
        "alpha": 66.3470812109235
    }
}
