{
    "metrics_train": {
        "R2": 0.4042907137456522,
        "mse": 0.6610245449640131,
        "mae": 0.6211350735844864
    },
    "metrics_test": {
        "R2": 0.4253041579040464,
        "mse": 0.6742323359774811,
        "mae": 0.6408936527222762
    },
    "model_params": {
        "alpha": 355.2634676578139
    }
}
