{
    "metrics_train": {
        "R2": 0.40495552075558783,
        "mse": 0.6602868466246188,
        "mae": 0.620871396195276
    },
    "metrics_test": {
        "R2": 0.42483197215388624,
        "mse": 0.6747863036209301,
        "mae": 0.641129850340592
    },
    "model_params": {
        "alpha": 124.19213527017847
    }
}
