{
    "metrics_train": {
        "R2": 0.9645116745134201,
        "mse": 0.03922189399600029,
        "mae": 0.1488906741142273
    },
    "metrics_test": {
        "R2": 0.5448100820728106,
        "mse": 0.534028172492981,
        "mae": 0.5590373873710632
    },
    "model_params": {
        "likelihood.noise": 0.1434818059206009,
        "covar_module.outputscale": 1.1662414073944092,
        "mean_module.constant": -7.749663829803467
    }
}
