{
    "metrics_train": {
        "R2": 0.9542649807641631,
        "mse": 0.04983121529221535,
        "mae": 0.1674734652042389
    },
    "metrics_test": {
        "R2": 0.5445163266405335,
        "mse": 0.5343728065490723,
        "mae": 0.5620177388191223
    },
    "model_params": {
        "likelihood.noise": 0.16411830484867096,
        "covar_module.outputscale": 1.1355690956115723,
        "mean_module.constant": -7.719977855682373
    }
}
