{
    "metrics_train": {
        "R2": 0.9652375069495991,
        "mse": 0.038992688059806824,
        "mae": 0.1483287811279297
    },
    "metrics_test": {
        "R2": 0.537916805665675,
        "mse": 0.542115330696106,
        "mae": 0.5651485919952393
    },
    "model_params": {
        "likelihood.noise": 0.14515294134616852,
        "covar_module.outputscale": 1.2093924283981323,
        "mean_module.constant": -7.648882865905762
    }
}
