{
    "metrics_train": {
        "R2": 0.9827929122653818,
        "mse": 0.040772234767956536,
        "mae": 0.1481032524925727
    },
    "metrics_test": {
        "R2": 0.7343796841479997,
        "mse": 0.5541707647535081,
        "mae": 0.5408902094015371
    }
}
