{
    "metrics_train": {
        "R2": 0.6628548135331587,
        "mse": 0.28648356590545254,
        "mae": 0.41234473509266395
    },
    "metrics_test": {
        "R2": 0.6612352212077353,
        "mse": 0.32375676712269824,
        "mae": 0.44132718783043295
    },
    "model_params": {
        "alpha": 0.00011805165285688056
    }
}
