{
    "metrics_train": {
        "R2": 0.6620642259260976,
        "mse": 0.28715535469533576,
        "mae": 0.41290837315930584
    },
    "metrics_test": {
        "R2": 0.6603532204169185,
        "mse": 0.3245996933727428,
        "mae": 0.4420430714908218
    },
    "model_params": {
        "alpha": 0.00016151326935030913
    }
}
