{
    "metrics_train": {
        "R2": 0.6605992152074838,
        "mse": 0.28840022340948385,
        "mae": 0.4139447838498211
    },
    "metrics_test": {
        "R2": 0.6587425818129446,
        "mse": 0.3261389772064537,
        "mae": 0.4433300859969792
    },
    "model_params": {
        "alpha": 0.00022508800520954617
    }
}
