{
    "metrics_train": {
        "R2": 0.5626949083037103,
        "mse": 0.5393472431941991,
        "mae": 0.5689523180240053
    },
    "metrics_test": {
        "R2": 0.5725899547396329,
        "mse": 0.5433895179496628,
        "mae": 0.5788167385737063
    },
    "model_params": {
        "alpha": 0.0005066461008921268
    }
}
