{
    "metrics_train": {
        "R2": 0.5709669626528302,
        "mse": 0.5291449615526926,
        "mae": 0.563308419624737
    },
    "metrics_test": {
        "R2": 0.5771179363277783,
        "mse": 0.5376328499448937,
        "mae": 0.574497276355624
    },
    "model_params": {
        "alpha": 0.00010186101701559753
    }
}
