{
    "metrics_train": {
        "R2": 0.5652974080262294,
        "mse": 0.5361374679654002,
        "mae": 0.5671954571437838
    },
    "metrics_test": {
        "R2": 0.5744229029892836,
        "mse": 0.5410591916579689,
        "mae": 0.5773160847463537
    },
    "model_params": {
        "alpha": 0.00040607720257003656
    }
}
