{
    "metrics_train": {
        "R2": 0.4605372265380583,
        "mse": 0.5443454025250046,
        "mae": 0.5717963147629949
    },
    "metrics_test": {
        "R2": 0.4289848399532936,
        "mse": 0.5841654714493266,
        "mae": 0.5930483507472301
    }
}
