{
    "metrics_train": {
        "R2": 0.43425093945800464,
        "mse": 0.5708696044261931,
        "mae": 0.5911878070015846
    },
    "metrics_test": {
        "R2": 0.4214521004587487,
        "mse": 0.5918716877217208,
        "mae": 0.6018748297367565
    }
}
