{
    "metrics_train": {
        "R2": 0.4463748345455981,
        "mse": 0.5586359770541413,
        "mae": 0.580046530640949
    },
    "metrics_test": {
        "R2": 0.430692909923288,
        "mse": 0.5824180651296614,
        "mae": 0.5935675787508732
    }
}
