{
    "metrics_train": {
        "R2": 0.9998127510462078,
        "mse": 0.00044220327981747687,
        "mae": 0.014078395441174507
    },
    "metrics_test": {
        "R2": 0.7026753888077693,
        "mse": 0.6203162670135498,
        "mae": 0.5772942304611206
    },
    "model_params": {
        "likelihood.noise": 0.013969602063298225,
        "covar_module.outputscale": 1.4996870756149292,
        "mean_module.constant": 2.8141367435455322
    }
}
