{
    "metrics_train": {
        "R2": 0.9995447625960432,
        "mse": 0.0010590613819658756,
        "mae": 0.021667245775461197
    },
    "metrics_test": {
        "R2": 0.7063985795521976,
        "mse": 0.6125484704971313,
        "mae": 0.5689827799797058
    },
    "model_params": {
        "likelihood.noise": 0.021982090547680855,
        "covar_module.outputscale": 1.503284215927124,
        "mean_module.constant": 3.2636163234710693
    }
}
