{
    "metrics_train": {
        "R2": 0.9996304381603833,
        "mse": 0.00086238794028759,
        "mae": 0.0196317620575428
    },
    "metrics_test": {
        "R2": 0.7106287501465264,
        "mse": 0.6037229895591736,
        "mae": 0.5627686977386475
    },
    "model_params": {
        "likelihood.noise": 0.018849100917577744,
        "covar_module.outputscale": 1.3888567686080933,
        "mean_module.constant": 2.8953464031219482
    }
}
