{
    "metrics_train": {
        "R2": 0.7070853381634568,
        "mse": 0.3871740983327591,
        "mae": 0.48493620214211236
    },
    "metrics_test": {
        "R2": 0.7058202679430772,
        "mse": 0.4629995797476281,
        "mae": 0.5330239042782354
    },
    "model_params": {
        "alpha": 90.77326525210223
    }
}
