{
    "metrics_train": {
        "R2": 0.7070581077253949,
        "mse": 0.38721009147915103,
        "mae": 0.4849849635739926
    },
    "metrics_test": {
        "R2": 0.7057151368831455,
        "mse": 0.4631650419846981,
        "mae": 0.5331576994460672
    },
    "model_params": {
        "alpha": 107.15933998226711
    }
}
