{
    "metrics_train": {
        "R2": 0.706884903459484,
        "mse": 0.3874390325811806,
        "mae": 0.4852473910981324
    },
    "metrics_test": {
        "R2": 0.7051874213338443,
        "mse": 0.4639955957276237,
        "mae": 0.5338128449141077
    },
    "model_params": {
        "alpha": 182.92045048462938
    }
}
