{
    "metrics_train": {
        "R2": 0.9995920338096951,
        "mse": 1.709406751615461e-05,
        "mae": 0.002910288516432047
    },
    "metrics_test": {
        "R2": 0.6351500447913441,
        "mse": 0.012304490432143211,
        "mae": 0.08524269610643387
    },
    "model_params": {
        "likelihood.noise": 0.0003660160000436008,
        "covar_module.outputscale": 0.026056921109557152,
        "mean_module.constant": 0.39710885286331177
    }
}
