{
    "metrics_train": {
        "R2": 0.9999740090139267,
        "mse": 1.0788651252369164e-06,
        "mae": 0.0007990238955244422
    },
    "metrics_test": {
        "R2": 0.6424012917973769,
        "mse": 0.012059943750500679,
        "mae": 0.08442345261573792
    },
    "model_params": {
        "likelihood.noise": 0.00010000898328144103,
        "covar_module.outputscale": 0.026220720261335373,
        "mean_module.constant": 0.3956040143966675
    }
}
