{
    "metrics_train": {
        "R2": 0.9998855226274106,
        "mse": 4.783128133567516e-06,
        "mae": 0.0014981613494455814
    },
    "metrics_test": {
        "R2": 0.6413040544229232,
        "mse": 0.012096947990357876,
        "mae": 0.08459319174289703
    },
    "model_params": {
        "likelihood.noise": 0.00018362455011811107,
        "covar_module.outputscale": 0.026063470169901848,
        "mean_module.constant": 0.36874523758888245
    }
}
