{
    "metrics_train": {
        "R2": 0.9660573791277989,
        "mse": 0.0014077366960482405,
        "mae": 0.02572649670474212
    },
    "metrics_test": {
        "R2": 0.9050146289239012,
        "mse": 0.003203362358834719,
        "mae": 0.036728507386474166
    }
}
