{
    "metrics_train": {
        "R2": 0.956949186702685,
        "mse": 0.0017854899862192546,
        "mae": 0.028447167860565312
    },
    "metrics_test": {
        "R2": 0.8919220681244339,
        "mse": 0.0036449063141893536,
        "mae": 0.03953180493148153
    }
}
