{
    "metrics_train": {
        "R2": 0.9677918500549388,
        "mse": 0.001335801226434478,
        "mae": 0.026173819687295458
    },
    "metrics_test": {
        "R2": 0.9047769663178834,
        "mse": 0.003211377481980468,
        "mae": 0.0373848702721822
    }
}
