{
    "metrics_train": {
        "R2": 0.9827538350073651,
        "mse": 0.014650451950728893,
        "mae": 0.09176726639270782
    },
    "metrics_test": {
        "R2": 0.6966576272764191,
        "mse": 0.2899036407470703,
        "mae": 0.4109972417354584
    },
    "model_params": {
        "likelihood.noise": 0.05968267098069191,
        "covar_module.outputscale": 0.5632231831550598,
        "mean_module.constant": -7.228987216949463
    }
}
