{
    "metrics_train": {
        "R2": 0.9846325568757668,
        "mse": 0.012918692082166672,
        "mae": 0.08700555562973022
    },
    "metrics_test": {
        "R2": 0.6982413060071712,
        "mse": 0.2883901298046112,
        "mae": 0.41044923663139343
    },
    "model_params": {
        "likelihood.noise": 0.055559612810611725,
        "covar_module.outputscale": 0.5701959133148193,
        "mean_module.constant": -7.1680707931518555
    }
}
