{
    "metrics_train": {
        "R2": 0.9838367566243652,
        "mse": 0.013303687795996666,
        "mae": 0.08781445026397705
    },
    "metrics_test": {
        "R2": 0.7013097252944678,
        "mse": 0.28545764088630676,
        "mae": 0.4089323878288269
    },
    "model_params": {
        "likelihood.noise": 0.055895786732435226,
        "covar_module.outputscale": 0.5577524304389954,
        "mean_module.constant": -7.0919508934021
    }
}
