{
    "metrics_train": {
        "R2": 0.48003776119545816,
        "mse": 0.4468895393499017,
        "mae": 0.5232386068273054
    },
    "metrics_test": {
        "R2": 0.5056525434797441,
        "mse": 0.3848772397342294,
        "mae": 0.4786016085697375
    }
}
