{
    "metrics_train": {
        "R2": 0.49970893414245976,
        "mse": 0.42998284736209696,
        "mae": 0.5130878361075951
    },
    "metrics_test": {
        "R2": 0.5073263734893814,
        "mse": 0.3835740691294321,
        "mae": 0.47901980124793214
    }
}
