{
    "metrics_train": {
        "R2": 0.4851967281673316,
        "mse": 0.4424555858788142,
        "mae": 0.5193310412440333
    },
    "metrics_test": {
        "R2": 0.5037054471860927,
        "mse": 0.386393163477971,
        "mae": 0.4804043450342407
    }
}
