{
    "metrics_train": {
        "R2": 0.8053907887664468,
        "mse": 0.16499498848947453,
        "mae": 0.31686898440837935
    },
    "metrics_test": {
        "R2": 0.7901927847171752,
        "mse": 0.20766476474233606,
        "mae": 0.3476090772701389
    }
}
