{
    "metrics_train": {
        "R2": 0.8129286090957442,
        "mse": 0.15860421915957076,
        "mae": 0.30709550241763706
    },
    "metrics_test": {
        "R2": 0.8207044119946456,
        "mse": 0.17746470755202262,
        "mae": 0.31521704319941163
    }
}
