{
    "metrics_train": {
        "R2": 0.7594636562526724,
        "mse": 0.20393326202972645,
        "mae": 0.35146074207529726
    },
    "metrics_test": {
        "R2": 0.7567804811187467,
        "mse": 0.24073587793981996,
        "mae": 0.37197652398681447
    }
}
