{
    "metrics_train": {
        "R2": 0.7605071605877547,
        "mse": 0.2083642105122319,
        "mae": 0.3497233789931251
    },
    "metrics_test": {
        "R2": 0.7988214757749664,
        "mse": 0.2076709455525405,
        "mae": 0.3407624492557944
    }
}
