{
    "metrics_train": {
        "R2": 0.7643113604900731,
        "mse": 0.20505447018253103,
        "mae": 0.34809988915805234
    },
    "metrics_test": {
        "R2": 0.7922523081916608,
        "mse": 0.21445211292004837,
        "mae": 0.3463149760541521
    }
}
