{
    "metrics_train": {
        "R2": 0.7901280318497512,
        "mse": 0.18259337965842737,
        "mae": 0.3282539767749288
    },
    "metrics_test": {
        "R2": 0.8041495215930264,
        "mse": 0.2021709533578165,
        "mae": 0.3369814976348096
    }
}
