{
    "metrics_train": {
        "R2": 0.38410495330750793,
        "mse": 0.6601850447014428,
        "mae": 0.6361647013884923
    },
    "metrics_test": {
        "R2": 0.24152720406812533,
        "mse": 0.7074367524509657,
        "mae": 0.6658675805000313
    },
    "model_params": {
        "alpha": 196.92202554791734
    }
}
