{
    "metrics_train": {
        "R2": 0.38238941261221515,
        "mse": 0.6620239526723565,
        "mae": 0.6376137279774183
    },
    "metrics_test": {
        "R2": 0.2450637300404589,
        "mse": 0.7041381918931645,
        "mae": 0.6648982530568057
    },
    "model_params": {
        "alpha": 677.3775997517745
    }
}
