{
    "metrics_train": {
        "R2": 0.38425304923527914,
        "mse": 0.6600262989586076,
        "mae": 0.6359758272192151
    },
    "metrics_test": {
        "R2": 0.24055851627426017,
        "mse": 0.7083402592750818,
        "mae": 0.6661834348668966
    },
    "model_params": {
        "alpha": 115.36181017364785
    }
}
