{
    "metrics_train": {
        "R2": 0.6124175277242061,
        "mse": 0.33311371397594003,
        "mae": 0.4360621065503669
    },
    "metrics_test": {
        "R2": 0.6192055398444909,
        "mse": 0.2964698589983199,
        "mae": 0.40379053846106255
    }
}
