{
    "metrics_train": {
        "R2": 0.634793676831644,
        "mse": 0.31388218864433504,
        "mae": 0.42242996402381405
    },
    "metrics_test": {
        "R2": 0.64066759321786,
        "mse": 0.2797604459075446,
        "mae": 0.39218962615727004
    }
}
