{
    "metrics_train": {
        "R2": 0.6245398529286241,
        "mse": 0.3226949952264647,
        "mae": 0.42831254178929723
    },
    "metrics_test": {
        "R2": 0.6215016024056232,
        "mse": 0.29468224542990756,
        "mae": 0.4031490205905912
    }
}
