{
    "metrics_train": {
        "R2": 0.5970502811203193,
        "mse": 0.3498337763974741,
        "mae": 0.46058511660308077
    },
    "metrics_test": {
        "R2": 0.6283728305869293,
        "mse": 0.32538552560175055,
        "mae": 0.44109227259708533
    }
}
