{
    "metrics_train": {
        "R2": 0.557693413835511,
        "mse": 0.3840027083121032,
        "mae": 0.48441956906414546
    },
    "metrics_test": {
        "R2": 0.6086705497025569,
        "mse": 0.342636247693033,
        "mae": 0.45239228286370325
    }
}
