{
    "metrics_train": {
        "R2": 0.5834149915169027,
        "mse": 0.3616716922235447,
        "mae": 0.4722684261064234
    },
    "metrics_test": {
        "R2": 0.5899422859942969,
        "mse": 0.359034149762316,
        "mae": 0.47101530251679596
    }
}
