{
    "metrics_train": {
        "R2": 0.5086719427313784,
        "mse": 0.526660243807595,
        "mae": 0.5516472035941455
    },
    "metrics_test": {
        "R2": 0.45808470303353976,
        "mse": 0.5054509533442612,
        "mae": 0.5495769374578277
    }
}
