{
    "metrics_train": {
        "R2": 0.40571637304533414,
        "mse": 0.637019513200096,
        "mae": 0.6243982603525046
    },
    "metrics_test": {
        "R2": 0.27589520754291574,
        "mse": 0.6753812998403581,
        "mae": 0.6572904735782908
    }
}
