{
    "metrics_train": {
        "R2": 0.35627470447470155,
        "mse": 0.6900166112457862,
        "mae": 0.648075365632737
    },
    "metrics_test": {
        "R2": 0.23834944398466074,
        "mse": 0.71040068772402,
        "mae": 0.6567365392655845
    }
}
