{
    "metrics_train": {
        "R2": 0.32983411953254405,
        "mse": 1.0182815220707613,
        "mae": 0.7594275650534236
    },
    "metrics_test": {
        "R2": 0.2544075940199535,
        "mse": 0.9968594852426027,
        "mae": 0.7746726142930623
    },
    "model_params": {
        "alpha": 189.79216428390995
    }
}
