{
    "metrics_train": {
        "R2": 0.32795639162245493,
        "mse": 1.021134630069913,
        "mae": 0.7598281064615859
    },
    "metrics_test": {
        "R2": 0.2597871239617998,
        "mse": 0.9896670361166929,
        "mae": 0.7716786902107732
    },
    "model_params": {
        "alpha": 584.4761131633637
    }
}
