{
    "metrics_train": {
        "R2": 0.3282615641745549,
        "mse": 1.0206709365577489,
        "mae": 0.7597298170846487
    },
    "metrics_test": {
        "R2": 0.25925558031555707,
        "mse": 0.990377711710124,
        "mae": 0.771980132425892
    },
    "model_params": {
        "alpha": 532.9994080844093
    }
}
