{
    "metrics_train": {
        "R2": 0.6066645138705464,
        "mse": 0.37494557242082555,
        "mae": 0.4773036767991114
    },
    "metrics_test": {
        "R2": 0.5968050665280713,
        "mse": 0.4274077770353433,
        "mae": 0.5092282290042812
    },
    "model_params": {
        "alpha": 208.12215699863373
    }
}
