{
    "metrics_train": {
        "R2": 0.6068535308419052,
        "mse": 0.3747653927039615,
        "mae": 0.4771459133433869
    },
    "metrics_test": {
        "R2": 0.596734816614731,
        "mse": 0.42748224562808856,
        "mae": 0.5092045856541642
    },
    "model_params": {
        "alpha": 109.1535935331391
    }
}
