{
    "metrics_train": {
        "R2": 0.6066906113609409,
        "mse": 0.374920695086286,
        "mae": 0.4772829293770019
    },
    "metrics_test": {
        "R2": 0.596803439411959,
        "mse": 0.42740950186376453,
        "mae": 0.5092215589975769
    },
    "model_params": {
        "alpha": 196.92202554791734
    }
}
