{
    "metrics_train": {
        "R2": 0.9546983019933042,
        "mse": 0.052447520196437836,
        "mae": 0.17887720465660095
    },
    "metrics_test": {
        "R2": 0.6318328254229573,
        "mse": 0.4606850743293762,
        "mae": 0.532444953918457
    },
    "model_params": {
        "likelihood.noise": 0.1507418304681778,
        "covar_module.outputscale": 0.8385032415390015,
        "mean_module.constant": -7.236805438995361
    }
}
