{
    "metrics_train": {
        "R2": 0.9635585513555509,
        "mse": 0.04164968803524971,
        "mae": 0.15905724465847015
    },
    "metrics_test": {
        "R2": 0.628246662828019,
        "mse": 0.4651724398136139,
        "mae": 0.5348476767539978
    },
    "model_params": {
        "likelihood.noise": 0.13234443962574005,
        "covar_module.outputscale": 0.8645316362380981,
        "mean_module.constant": -7.506319999694824
    }
}
