{
    "metrics_train": {
        "R2": 0.9672923065474601,
        "mse": 0.036787260323762894,
        "mae": 0.14937104284763336
    },
    "metrics_test": {
        "R2": 0.6383266722688071,
        "mse": 0.45255935192108154,
        "mae": 0.527016282081604
    },
    "model_params": {
        "likelihood.noise": 0.12234644591808319,
        "covar_module.outputscale": 0.8642535209655762,
        "mean_module.constant": -7.234556674957275
    }
}
