{
    "metrics_train": {
        "R2": 0.8038065692047033,
        "mse": 0.25932814079948147,
        "mae": 0.3902817306465974
    },
    "metrics_test": {
        "R2": 0.8018038822170455,
        "mse": 0.31193419954357415,
        "mae": 0.4129014889691518
    }
}
