{
    "metrics_train": {
        "R2": 0.8021400762810345,
        "mse": 0.26153090829173986,
        "mae": 0.39735169667667936
    },
    "metrics_test": {
        "R2": 0.816250614776227,
        "mse": 0.28919697336943,
        "mae": 0.3999402257180047
    }
}
