{
    "metrics_train": {
        "R2": 0.8336192166468148,
        "mse": 0.21992183447141803,
        "mae": 0.35902137934544726
    },
    "metrics_test": {
        "R2": 0.8270690620755248,
        "mse": 0.2721701832568891,
        "mae": 0.38318674975901756
    }
}
