{
    "metrics_train": {
        "R2": 0.9935081594538073,
        "mse": 0.008436323143541813,
        "mae": 0.07008389383554459
    },
    "metrics_test": {
        "R2": 0.74506210993248,
        "mse": 0.4012381434440613,
        "mae": 0.48899003863334656
    },
    "model_params": {
        "likelihood.noise": 0.051571376621723175,
        "covar_module.outputscale": 0.8465806245803833,
        "mean_module.constant": -8.085858345031738
    }
}
