{
    "metrics_train": {
        "R2": 0.9958684321530393,
        "mse": 0.005478943698108196,
        "mae": 0.05653007701039314
    },
    "metrics_test": {
        "R2": 0.7405672801783612,
        "mse": 0.40831243991851807,
        "mae": 0.49115586280822754
    },
    "model_params": {
        "likelihood.noise": 0.040777821093797684,
        "covar_module.outputscale": 0.8627083897590637,
        "mean_module.constant": -8.283913612365723
    }
}
