{
    "metrics_train": {
        "R2": 0.9923958329064207,
        "mse": 0.010023286566138268,
        "mae": 0.07685001939535141
    },
    "metrics_test": {
        "R2": 0.7430612672186772,
        "mse": 0.4043872058391571,
        "mae": 0.4917174279689789
    },
    "model_params": {
        "likelihood.noise": 0.05668679624795914,
        "covar_module.outputscale": 0.840753972530365,
        "mean_module.constant": -7.99576473236084
    }
}
