{
    "metrics_train": {
        "R2": 0.9166786779879162,
        "mse": 0.09245690849499606,
        "mae": 0.22647968499073362
    },
    "metrics_test": {
        "R2": 0.5766505216982547,
        "mse": 0.49667299949348875,
        "mae": 0.5319255030911564
    }
}
