{
    "metrics_train": {
        "R2": 0.8197083686288802,
        "mse": 0.18059330735611942,
        "mae": 0.3331768203914131
    },
    "metrics_test": {
        "R2": 0.6767585489446166,
        "mse": 0.3629041531624322,
        "mae": 0.4724216835179744
    }
}
