{
    "metrics_train": {
        "R2": 0.5773912176415879,
        "mse": 0.47917554671792484,
        "mae": 0.5448793336545174
    },
    "metrics_test": {
        "R2": 0.5873620882212213,
        "mse": 0.5163310154672105,
        "mae": 0.5691837168776077
    },
    "model_params": {
        "alpha": 163.7624074521689
    }
}
