{
    "metrics_train": {
        "R2": 0.5772656591679817,
        "mse": 0.4793179113651987,
        "mae": 0.5450077258059237
    },
    "metrics_test": {
        "R2": 0.5873771581372618,
        "mse": 0.5163121585836569,
        "mae": 0.5692409102548452
    },
    "model_params": {
        "alpha": 224.05278693000182
    }
}
