{
    "metrics_train": {
        "R2": 0.5773259537993652,
        "mse": 0.4792495462148198,
        "mae": 0.5449475836545353
    },
    "metrics_test": {
        "R2": 0.5873756663878982,
        "mse": 0.5163140251995004,
        "mae": 0.569211139912441
    },
    "model_params": {
        "alpha": 196.92202554791734
    }
}
