{
    "metrics_train": {
        "R2": 0.6927559487642295,
        "mse": 0.2604898728882222,
        "mae": 0.39858067330109653
    },
    "metrics_test": {
        "R2": 0.6639393868152499,
        "mse": 0.33262892356728846,
        "mae": 0.44887983584491997
    },
    "model_params": {
        "alpha": 0.0002608653617622548
    }
}
