{
    "metrics_train": {
        "R2": 0.6954756583725191,
        "mse": 0.2581840290246657,
        "mae": 0.39664648785133844
    },
    "metrics_test": {
        "R2": 0.6674261560108592,
        "mse": 0.3291777595844818,
        "mae": 0.4464221586939997
    },
    "model_params": {
        "alpha": 0.00014459729217920195
    }
}
