{
    "metrics_train": {
        "R2": 0.6956637048506269,
        "mse": 0.2580245981000235,
        "mae": 0.39650950608005886
    },
    "metrics_test": {
        "R2": 0.6676913808348688,
        "mse": 0.3289152431090235,
        "mae": 0.44623397527161673
    },
    "model_params": {
        "alpha": 0.00013431611700460153
    }
}
