{
    "metrics_train": {
        "R2": 0.43614648466356176,
        "mse": 0.489527589580071,
        "mae": 0.552962664879605
    },
    "metrics_test": {
        "R2": 0.46098191906564356,
        "mse": 0.47194795216580243,
        "mae": 0.5439473640758468
    },
    "model_params": {
        "alpha": 0.0019466563433422632
    }
}
