{
    "metrics_train": {
        "R2": 0.4877095750337982,
        "mse": 0.44476143196344214,
        "mae": 0.5254652442448171
    },
    "metrics_test": {
        "R2": 0.49876553480196695,
        "mse": 0.4388657593731844,
        "mae": 0.5221710683162951
    },
    "model_params": {
        "alpha": 0.000209083769055575
    }
}
