{
    "metrics_train": {
        "R2": 0.4519493233342632,
        "mse": 0.4758078462201748,
        "mae": 0.5448070314154536
    },
    "metrics_test": {
        "R2": 0.4737501897439357,
        "mse": 0.46076843998900685,
        "mae": 0.5368339900614264
    },
    "model_params": {
        "alpha": 0.001346260579298911
    }
}
