{
    "metrics_train": {
        "R2": 0.3650572716186613,
        "mse": 0.6806024756496878,
        "mae": 0.6479543281925785
    },
    "metrics_test": {
        "R2": 0.24503148363264926,
        "mse": 0.7041682685078321,
        "mae": 0.6669016794964949
    },
    "model_params": {
        "alpha": 0.000818300681586739
    }
}
