{
    "metrics_train": {
        "R2": 0.3828729174952036,
        "mse": 0.6615056781798055,
        "mae": 0.6370259262964695
    },
    "metrics_test": {
        "R2": 0.2440004857209671,
        "mse": 0.7051298927326377,
        "mae": 0.6650805003240495
    },
    "model_params": {
        "alpha": 0.00016451905877536624
    }
}
