{
    "metrics_train": {
        "R2": 0.3734416423802659,
        "mse": 0.6716151713747647,
        "mae": 0.6429438731518532
    },
    "metrics_test": {
        "R2": 0.2465361361603522,
        "mse": 0.7027648608925893,
        "mae": 0.6654542493689478
    },
    "model_params": {
        "alpha": 0.0005354620899273607
    }
}
