{
    "metrics_train": {
        "R2": 0.9143332930804011,
        "mse": 0.07437431071187213,
        "mae": 0.20594381428751457
    },
    "metrics_test": {
        "R2": 0.5670172732774246,
        "mse": 0.3791065985127327,
        "mae": 0.4778171293186062
    }
}
