{
    "metrics_train": {
        "R2": 0.9900709486578458,
        "mse": 0.008352584205567837,
        "mae": 0.07065098732709885
    },
    "metrics_test": {
        "R2": 0.7092823745648972,
        "mse": 0.28774896264076233,
        "mae": 0.4163695275783539
    },
    "model_params": {
        "likelihood.noise": 0.04259912669658661,
        "covar_module.outputscale": 0.5499975681304932,
        "mean_module.constant": -7.223896026611328
    }
}
