{
    "metrics_train": {
        "R2": 0.9811471802977645,
        "mse": 0.01609579101204872,
        "mae": 0.0977768525481224
    },
    "metrics_test": {
        "R2": 0.7066660406139146,
        "mse": 0.29033857583999634,
        "mae": 0.4186079502105713
    },
    "model_params": {
        "likelihood.noise": 0.060804713517427444,
        "covar_module.outputscale": 0.5176355838775635,
        "mean_module.constant": -7.19072151184082
    }
}
