{
    "metrics_train": {
        "R2": 0.9910860286841907,
        "mse": 0.007535043638199568,
        "mae": 0.06696027517318726
    },
    "metrics_test": {
        "R2": 0.7079867915100566,
        "mse": 0.2890312969684601,
        "mae": 0.4165627658367157
    },
    "model_params": {
        "likelihood.noise": 0.03992956131696701,
        "covar_module.outputscale": 0.5433778166770935,
        "mean_module.constant": -7.200613975524902
    }
}
