{
    "metrics_train": {
        "R2": 0.7240591513075278,
        "mse": 0.011444374319404095,
        "mae": 0.08323487911124404
    },
    "metrics_test": {
        "R2": 0.5191998747668249,
        "mse": 0.01621488662776331,
        "mae": 0.098607218710681
    },
    "model_params": {
        "alpha": 26.38890814457513
    }
}
