{
    "metrics_train": {
        "R2": 0.7240703153790651,
        "mse": 0.011443911300557106,
        "mae": 0.08321572267509762
    },
    "metrics_test": {
        "R2": 0.5188250963533405,
        "mse": 0.01622752595368328,
        "mae": 0.09862855553596385
    },
    "model_params": {
        "alpha": 0.6483534286054721
    }
}
