{
    "metrics_train": {
        "R2": 0.7240372099332557,
        "mse": 0.01144528431624379,
        "mae": 0.08325117698602091
    },
    "metrics_test": {
        "R2": 0.5194589761613247,
        "mse": 0.01620614848582778,
        "mae": 0.09859303437248818
    },
    "model_params": {
        "alpha": 45.88404126454761
    }
}
