{
    "metrics_train": {
        "R2": 0.7054738059497514,
        "mse": 0.38930421885272054,
        "mae": 0.4868681556631173
    },
    "metrics_test": {
        "R2": 0.7023303551771176,
        "mse": 0.46849223599793194,
        "mae": 0.536881868100126
    },
    "model_params": {
        "alpha": 0.0001906690840512252
    }
}
