{
    "metrics_train": {
        "R2": 0.7064578999276782,
        "mse": 0.38800344511818113,
        "mae": 0.48578296985489394
    },
    "metrics_test": {
        "R2": 0.7040944288106445,
        "mse": 0.46571581987552946,
        "mae": 0.5349368437281282
    },
    "model_params": {
        "alpha": 0.00012024861420374123
    }
}
