{
    "metrics_train": {
        "R2": 0.6995618497200389,
        "mse": 0.39711863247158896,
        "mae": 0.49266511966477006
    },
    "metrics_test": {
        "R2": 0.6941820229600184,
        "mse": 0.48131662184457824,
        "mae": 0.5452575784067084
    },
    "model_params": {
        "alpha": 0.0004452958509942655
    }
}
