{
    "metrics_train": {
        "R2": 0.8213632868702998,
        "mse": 0.2203203680662616,
        "mae": 0.3642171477905135
    },
    "metrics_test": {
        "R2": 0.6453163707195583,
        "mse": 0.4509284900450321,
        "mae": 0.5200427486316367
    }
}
