{
    "metrics_train": {
        "R2": 0.6958170297186084,
        "mse": 0.33753445540583304,
        "mae": 0.41895682214435337
    },
    "metrics_test": {
        "R2": 0.7878455526598824,
        "mse": 0.24889929270491604,
        "mae": 0.35086773984493114
    }
}
