{
    "metrics_train": {
        "R2": 0.7231587973625152,
        "mse": 0.30719485867238805,
        "mae": 0.3916563946709328
    },
    "metrics_test": {
        "R2": 0.8019030894118856,
        "mse": 0.23240701079136447,
        "mae": 0.3321850105683588
    }
}
