{
    "metrics_train": {
        "R2": 0.6887501182447932,
        "mse": 0.3453762031325675,
        "mae": 0.40840921440853767
    },
    "metrics_test": {
        "R2": 0.7902786355005178,
        "mse": 0.24604480341317977,
        "mae": 0.336160334055354
    }
}
