{
    "metrics_train": {
        "R2": 0.6369406067358885,
        "mse": 0.38916757499272164,
        "mae": 0.45526245233961654
    },
    "metrics_test": {
        "R2": 0.6701271910693265,
        "mse": 0.30767635955232625,
        "mae": 0.40360256444433135
    }
}
