{
    "metrics_train": {
        "R2": 0.6644490093795714,
        "mse": 0.3596809991117948,
        "mae": 0.42505930417069065
    },
    "metrics_test": {
        "R2": 0.6765603499562709,
        "mse": 0.3016760744328191,
        "mae": 0.39218343099469355
    }
}
