{
    "metrics_train": {
        "R2": 0.6681154770677338,
        "mse": 0.3557508698672022,
        "mae": 0.42595466098306484
    },
    "metrics_test": {
        "R2": 0.6882790725567568,
        "mse": 0.290745880095162,
        "mae": 0.38526371393574377
    }
}
