{
    "metrics_train": {
        "R2": 0.8148721111748709,
        "mse": 0.22385857322399072,
        "mae": 0.36094899436602823
    },
    "metrics_test": {
        "R2": 0.8526629728375845,
        "mse": 0.20603752108673293,
        "mae": 0.34237234624079715
    }
}
