{
    "metrics_train": {
        "R2": 0.8156210502450065,
        "mse": 0.22295294829229473,
        "mae": 0.36073657547159743
    },
    "metrics_test": {
        "R2": 0.8523306848712144,
        "mse": 0.20650219578661239,
        "mae": 0.3412270854701721
    }
}
