{
    "metrics_train": {
        "R2": 0.8101309208748999,
        "mse": 0.22959166996414468,
        "mae": 0.36495384799669134
    },
    "metrics_test": {
        "R2": 0.8466175900885126,
        "mse": 0.21449144268151463,
        "mae": 0.3470742938425315
    }
}
