{
    "metrics_train": {
        "R2": 0.9392076305040459,
        "mse": 0.05795009752050949,
        "mae": 0.18200109146072446
    },
    "metrics_test": {
        "R2": 0.6608697895543789,
        "mse": 0.3594958104357792,
        "mae": 0.46197606073216013
    }
}
