{
    "metrics_train": {
        "R2": 0.9758447965514705,
        "mse": 0.03217487409710884,
        "mae": 0.13271105289459229
    },
    "metrics_test": {
        "R2": 0.6628689954503717,
        "mse": 0.5327422618865967,
        "mae": 0.5528565645217896
    },
    "model_params": {
        "likelihood.noise": 0.11982891708612442,
        "covar_module.outputscale": 1.0002562999725342,
        "mean_module.constant": -8.511716842651367
    }
}
