{
    "metrics_train": {
        "R2": 0.9900839921701644,
        "mse": 0.013647126965224743,
        "mae": 0.08768733590841293
    },
    "metrics_test": {
        "R2": 0.6648859110686209,
        "mse": 0.5295551419258118,
        "mae": 0.552349865436554
    },
    "model_params": {
        "likelihood.noise": 0.07735545188188553,
        "covar_module.outputscale": 1.161432147026062,
        "mean_module.constant": -8.496126174926758
    }
}
