{
    "metrics_train": {
        "R2": 0.9825096894606146,
        "mse": 0.022989286109805107,
        "mae": 0.11371798068284988
    },
    "metrics_test": {
        "R2": 0.6607512501967304,
        "mse": 0.536088764667511,
        "mae": 0.556837260723114
    },
    "model_params": {
        "likelihood.noise": 0.09832102060317993,
        "covar_module.outputscale": 1.0012376308441162,
        "mean_module.constant": -8.498477935791016
    }
}
