{
    "metrics_train": {
        "R2": 0.8741368444434641,
        "mse": 0.12392712384462357,
        "mae": 0.2756693959236145
    },
    "metrics_test": {
        "R2": 0.3444294176218974,
        "mse": 0.6706681847572327,
        "mae": 0.6429345011711121
    },
    "model_params": {
        "likelihood.noise": 0.2712089717388153,
        "covar_module.outputscale": 0.9087564945220947,
        "mean_module.constant": -7.6734137535095215
    }
}
