{
    "metrics_train": {
        "R2": 0.8598742385941429,
        "mse": 0.14293430745601654,
        "mae": 0.2906835079193115
    },
    "metrics_test": {
        "R2": 0.35253281210871656,
        "mse": 0.6623781323432922,
        "mae": 0.6387948393821716
    },
    "model_params": {
        "likelihood.noise": 0.29756832122802734,
        "covar_module.outputscale": 0.8950499296188354,
        "mean_module.constant": -7.653135299682617
    }
}
