{
    "metrics_train": {
        "R2": 0.8527935224610674,
        "mse": 0.14621490240097046,
        "mae": 0.2986542582511902
    },
    "metrics_test": {
        "R2": 0.35129541435492107,
        "mse": 0.6636441349983215,
        "mae": 0.6393846273422241
    },
    "model_params": {
        "likelihood.noise": 0.2951766848564148,
        "covar_module.outputscale": 0.8273094296455383,
        "mean_module.constant": -7.544269561767578
    }
}
