{
    "metrics_train": {
        "R2": 0.5916236903899278,
        "mse": 0.2919138160332174,
        "mae": 0.42381431897252736
    },
    "metrics_test": {
        "R2": 0.5926246661570505,
        "mse": 0.33256210680213344,
        "mae": 0.45163800453964664
    },
    "model_params": {
        "alpha": 115.36181017364785
    }
}
