{
    "metrics_train": {
        "R2": 0.5914082732094962,
        "mse": 0.29206779962555396,
        "mae": 0.4239405796589964
    },
    "metrics_test": {
        "R2": 0.5921608538792817,
        "mse": 0.33294074138170016,
        "mae": 0.45188209048864225
    },
    "model_params": {
        "alpha": 228.22244741868963
    }
}
