{
    "metrics_train": {
        "R2": 0.5914460017421732,
        "mse": 0.29204083067635705,
        "mae": 0.4239185912361572
    },
    "metrics_test": {
        "R2": 0.5922352831997133,
        "mse": 0.3328799807770335,
        "mae": 0.4518426843341435
    },
    "model_params": {
        "alpha": 211.9953457536069
    }
}
