{
    "metrics_train": {
        "R2": 0.8766086416095407,
        "mse": 0.13226462835225486,
        "mae": 0.2737417970423284
    },
    "metrics_test": {
        "R2": 0.3447263948044538,
        "mse": 0.6111816187907292,
        "mae": 0.6121061439269357
    }
}
